/*
 Navicat Premium Data Transfer

 Source Server         : local
 Source Server Type    : MySQL
 Source Server Version : 50614
 Source Host           : localhost
 Source Database       : valeria

 Target Server Type    : MySQL
 Target Server Version : 50614
 File Encoding         : utf-8

 Date: 10/20/2014 01:13:58 AM
*/

SET NAMES utf8;
SET FOREIGN_KEY_CHECKS = 0;

-- ----------------------------
--  Table structure for `auth_group`
-- ----------------------------
DROP TABLE IF EXISTS `auth_group`;
CREATE TABLE `auth_group` (
  `id` int(11) NOT NULL AUTO_INCREMENT,
  `name` varchar(80) NOT NULL,
  PRIMARY KEY (`id`),
  UNIQUE KEY `name` (`name`)
) ENGINE=InnoDB DEFAULT CHARSET=utf8 ROW_FORMAT=COMPACT;

-- ----------------------------
--  Table structure for `auth_group_permissions`
-- ----------------------------
DROP TABLE IF EXISTS `auth_group_permissions`;
CREATE TABLE `auth_group_permissions` (
  `id` int(11) NOT NULL AUTO_INCREMENT,
  `group_id` int(11) NOT NULL,
  `permission_id` int(11) NOT NULL,
  PRIMARY KEY (`id`),
  UNIQUE KEY `group_id` (`group_id`,`permission_id`),
  KEY `auth_group_permissions_5f412f9a` (`group_id`),
  KEY `auth_group_permissions_83d7f98b` (`permission_id`),
  CONSTRAINT `group_id_refs_id_f4b32aac` FOREIGN KEY (`group_id`) REFERENCES `auth_group` (`id`),
  CONSTRAINT `permission_id_refs_id_6ba0f519` FOREIGN KEY (`permission_id`) REFERENCES `auth_permission` (`id`)
) ENGINE=InnoDB DEFAULT CHARSET=utf8 ROW_FORMAT=COMPACT;

-- ----------------------------
--  Table structure for `auth_permission`
-- ----------------------------
DROP TABLE IF EXISTS `auth_permission`;
CREATE TABLE `auth_permission` (
  `id` int(11) NOT NULL AUTO_INCREMENT,
  `name` varchar(50) NOT NULL,
  `content_type_id` int(11) NOT NULL,
  `codename` varchar(100) NOT NULL,
  PRIMARY KEY (`id`),
  UNIQUE KEY `content_type_id` (`content_type_id`,`codename`),
  KEY `auth_permission_37ef4eb4` (`content_type_id`),
  CONSTRAINT `content_type_id_refs_id_d043b34a` FOREIGN KEY (`content_type_id`) REFERENCES `django_content_type` (`id`)
) ENGINE=InnoDB AUTO_INCREMENT=46 DEFAULT CHARSET=utf8 ROW_FORMAT=COMPACT;

-- ----------------------------
--  Records of `auth_permission`
-- ----------------------------
BEGIN;
INSERT INTO `auth_permission` VALUES ('1', 'Can add log entry', '1', 'add_logentry'), ('2', 'Can change log entry', '1', 'change_logentry'), ('3', 'Can delete log entry', '1', 'delete_logentry'), ('4', 'Can add permission', '2', 'add_permission'), ('5', 'Can change permission', '2', 'change_permission'), ('6', 'Can delete permission', '2', 'delete_permission'), ('7', 'Can add group', '3', 'add_group'), ('8', 'Can change group', '3', 'change_group'), ('9', 'Can delete group', '3', 'delete_group'), ('10', 'Can add user', '4', 'add_user'), ('11', 'Can change user', '4', 'change_user'), ('12', 'Can delete user', '4', 'delete_user'), ('13', 'Can add content type', '5', 'add_contenttype'), ('14', 'Can change content type', '5', 'change_contenttype'), ('15', 'Can delete content type', '5', 'delete_contenttype'), ('16', 'Can add session', '6', 'add_session'), ('17', 'Can change session', '6', 'change_session'), ('18', 'Can delete session', '6', 'delete_session'), ('19', 'Can add migration history', '7', 'add_migrationhistory'), ('20', 'Can change migration history', '7', 'change_migrationhistory'), ('21', 'Can delete migration history', '7', 'delete_migrationhistory'), ('22', 'Can add Статья', '8', 'add_post'), ('23', 'Can change Статья', '8', 'change_post'), ('24', 'Can delete Статья', '8', 'delete_post'), ('25', 'Can add kv store', '9', 'add_kvstore'), ('26', 'Can change kv store', '9', 'change_kvstore'), ('27', 'Can delete kv store', '9', 'delete_kvstore'), ('28', 'Can add Слайдер', '11', 'add_slider'), ('29', 'Can change Слайдер', '11', 'change_slider'), ('30', 'Can delete Слайдер', '11', 'delete_slider'), ('31', 'Can add Flat block', '10', 'add_flatblock'), ('32', 'Can change Flat block', '10', 'change_flatblock'), ('33', 'Can delete Flat block', '10', 'delete_flatblock'), ('34', 'Can add Отзывы', '12', 'add_review'), ('35', 'Can change Отзывы', '12', 'change_review'), ('36', 'Can delete Отзывы', '12', 'delete_review'), ('37', 'Can add Портфолио', '13', 'add_portfolio'), ('38', 'Can change Портфолио', '13', 'change_portfolio'), ('39', 'Can delete Портфолио', '13', 'delete_portfolio'), ('40', 'Can add Грамоты', '14', 'add_gram'), ('41', 'Can change Грамоты', '14', 'change_gram'), ('42', 'Can delete Грамоты', '14', 'delete_gram'), ('43', 'Can add Фото', '15', 'add_imagefolio'), ('44', 'Can change Фото', '15', 'change_imagefolio'), ('45', 'Can delete Фото', '15', 'delete_imagefolio');
COMMIT;

-- ----------------------------
--  Table structure for `auth_user`
-- ----------------------------
DROP TABLE IF EXISTS `auth_user`;
CREATE TABLE `auth_user` (
  `id` int(11) NOT NULL AUTO_INCREMENT,
  `password` varchar(128) NOT NULL,
  `last_login` datetime NOT NULL,
  `is_superuser` tinyint(1) NOT NULL,
  `username` varchar(30) NOT NULL,
  `first_name` varchar(30) NOT NULL,
  `last_name` varchar(30) NOT NULL,
  `email` varchar(75) NOT NULL,
  `is_staff` tinyint(1) NOT NULL,
  `is_active` tinyint(1) NOT NULL,
  `date_joined` datetime NOT NULL,
  PRIMARY KEY (`id`),
  UNIQUE KEY `username` (`username`)
) ENGINE=InnoDB AUTO_INCREMENT=3 DEFAULT CHARSET=utf8 ROW_FORMAT=COMPACT;

-- ----------------------------
--  Records of `auth_user`
-- ----------------------------
BEGIN;
INSERT INTO `auth_user` VALUES ('1', 'pbkdf2_sha256$12000$OliWH6xZyEYb$I3s7oRyjuKbNmfmkcZqX5fOm8Al/2/eLBkBuAc/hjuw=', '2014-10-19 14:48:25', '1', 'admin', '', '', 'admin@wxample.com', '1', '1', '2013-11-22 08:20:01'), ('2', 'pbkdf2_sha256$10000$tG8mfqnKQIzk$BB9XGdh0dNiDlMzg9Pat7qWH8eoWzICFup7rYQn10h4=', '2014-02-12 06:45:35', '1', 'godmen', '', '', '', '1', '1', '2013-12-28 15:21:21');
COMMIT;

-- ----------------------------
--  Table structure for `auth_user_groups`
-- ----------------------------
DROP TABLE IF EXISTS `auth_user_groups`;
CREATE TABLE `auth_user_groups` (
  `id` int(11) NOT NULL AUTO_INCREMENT,
  `user_id` int(11) NOT NULL,
  `group_id` int(11) NOT NULL,
  PRIMARY KEY (`id`),
  UNIQUE KEY `user_id` (`user_id`,`group_id`),
  KEY `auth_user_groups_6340c63c` (`user_id`),
  KEY `auth_user_groups_5f412f9a` (`group_id`),
  CONSTRAINT `group_id_refs_id_274b862c` FOREIGN KEY (`group_id`) REFERENCES `auth_group` (`id`),
  CONSTRAINT `user_id_refs_id_40c41112` FOREIGN KEY (`user_id`) REFERENCES `auth_user` (`id`)
) ENGINE=InnoDB DEFAULT CHARSET=utf8 ROW_FORMAT=COMPACT;

-- ----------------------------
--  Table structure for `auth_user_user_permissions`
-- ----------------------------
DROP TABLE IF EXISTS `auth_user_user_permissions`;
CREATE TABLE `auth_user_user_permissions` (
  `id` int(11) NOT NULL AUTO_INCREMENT,
  `user_id` int(11) NOT NULL,
  `permission_id` int(11) NOT NULL,
  PRIMARY KEY (`id`),
  UNIQUE KEY `user_id` (`user_id`,`permission_id`),
  KEY `auth_user_user_permissions_6340c63c` (`user_id`),
  KEY `auth_user_user_permissions_83d7f98b` (`permission_id`),
  CONSTRAINT `permission_id_refs_id_35d9ac25` FOREIGN KEY (`permission_id`) REFERENCES `auth_permission` (`id`),
  CONSTRAINT `user_id_refs_id_4dc23c39` FOREIGN KEY (`user_id`) REFERENCES `auth_user` (`id`)
) ENGINE=InnoDB DEFAULT CHARSET=utf8 ROW_FORMAT=COMPACT;

-- ----------------------------
--  Table structure for `blog_post`
-- ----------------------------
DROP TABLE IF EXISTS `blog_post`;
CREATE TABLE `blog_post` (
  `id` int(11) NOT NULL AUTO_INCREMENT,
  `name` varchar(100) NOT NULL,
  `slug` varchar(50) NOT NULL,
  `title` varchar(60) NOT NULL,
  `description` varchar(160) NOT NULL,
  `keywords` varchar(60) NOT NULL,
  `date` datetime DEFAULT NULL,
  `text` longtext NOT NULL,
  `image` varchar(100) NOT NULL,
  `main_choice` varchar(7) NOT NULL,
  `blue_choice` varchar(7) NOT NULL,
  `image_blue` varchar(100) DEFAULT NULL,
  PRIMARY KEY (`id`),
  KEY `blog_post_f52cfca0` (`slug`)
) ENGINE=InnoDB AUTO_INCREMENT=4 DEFAULT CHARSET=utf8 ROW_FORMAT=COMPACT;

-- ----------------------------
--  Records of `blog_post`
-- ----------------------------
BEGIN;
INSERT INTO `blog_post` VALUES ('1', 'Клиенты для Вашего бизнеса ', 'pervi-post', 'Клиенты для Вашего бизнеса ', 'Основная задача коммерческого сайта состоит в том что бы сайт продавал. Сайт должен по максимум привлекать клиентов в Ваш бизнес. При разработке сайта наша комп', 'увеличение продаж, создание сайта томск', '2013-12-07 07:15:15', '<p>Следуя за тенденцией современного дизайна, мы внедряем в проекты наших&nbsp;клиентов инструменты, которые способствуют увеличению продаж и привлечению&nbsp;постоянных клиентов.</p>\r\n', 'blog/489526-1920x1080.jpg', 'notmain', 'blue', 'icons/lightbulb32.png'), ('2', 'Увеличение дохода ', 'second-main', 'Увеличение дохода ', 'Увеличение дохода — как снижение расходов.  Сайт это не заменимый инструмент для развития бизнеса, многие инструменты внедренные в Ваш сайт будут способствовать', 'создание сайта,  автоматизация бизнеса ', '2013-12-21 11:01:25', '<p>Снижение расходов - это увеличение доходов. Специальные инструменты способствуют&nbsp;снижению расходов с помощью замены ручного труда на автоматические процессы.</p>\r\n', 'blog/409662-3360x2100.jpg', 'notmain', 'blue', 'icons/notecheck32.png'), ('3', 'Выход на новые рынки сбыта ', 'third', 'Выход на новые рынки сбыта', 'Сайт позволяет безгранично расширить границы Вашего бизнеса.  Интернет позволяет привлечь на Ваш сайт людей с разных городов и стран.  Современные технологии по', 'создание сайта,  создание мультиязычного сайта, ', '2013-12-21 11:03:07', '<p>Сайт позволяет&nbsp;расширить границы Вашего бизнеса. Интернет позволяет привлечь на Ваш сайт людей с разных городов и стран. Сайт это&nbsp;высокая конкурентоспособность.</p>\r\n', 'blog/436934-1920x1200.jpg', 'notmain', 'blue', 'icons/phone32.png');
COMMIT;

-- ----------------------------
--  Table structure for `django_admin_log`
-- ----------------------------
DROP TABLE IF EXISTS `django_admin_log`;
CREATE TABLE `django_admin_log` (
  `id` int(11) NOT NULL AUTO_INCREMENT,
  `action_time` datetime NOT NULL,
  `user_id` int(11) NOT NULL,
  `content_type_id` int(11) DEFAULT NULL,
  `object_id` longtext,
  `object_repr` varchar(200) NOT NULL,
  `action_flag` smallint(5) unsigned NOT NULL,
  `change_message` longtext NOT NULL,
  PRIMARY KEY (`id`),
  KEY `django_admin_log_6340c63c` (`user_id`),
  KEY `django_admin_log_37ef4eb4` (`content_type_id`),
  CONSTRAINT `content_type_id_refs_id_93d2d1f8` FOREIGN KEY (`content_type_id`) REFERENCES `django_content_type` (`id`),
  CONSTRAINT `user_id_refs_id_c0d12874` FOREIGN KEY (`user_id`) REFERENCES `auth_user` (`id`)
) ENGINE=InnoDB AUTO_INCREMENT=212 DEFAULT CHARSET=utf8 ROW_FORMAT=COMPACT;

-- ----------------------------
--  Records of `django_admin_log`
-- ----------------------------
BEGIN;
INSERT INTO `django_admin_log` VALUES ('1', '2013-12-07 07:15:15', '1', '8', '1', 'test post', '1', ''), ('2', '2013-12-07 10:15:08', '1', '8', '1', 'Первая статья', '2', 'Изменен name,slug и text.'), ('3', '2013-12-07 18:41:42', '1', '8', '1', 'Первая статья', '2', 'Изменен main_post_choice.'), ('4', '2013-12-07 18:41:50', '1', '8', '1', 'Первая статья', '2', 'Изменен main_post_choice.'), ('5', '2013-12-07 18:41:56', '1', '8', '1', 'Первая статья', '2', 'Изменен main_post_choice.'), ('6', '2013-12-07 18:57:04', '1', '8', '1', 'Первая статья', '2', 'Изменен blue_choice.'), ('7', '2013-12-07 18:58:34', '1', '8', '1', 'Первая статья', '2', 'Изменен main_choice.'), ('8', '2013-12-07 18:58:46', '1', '8', '1', 'Первая статья', '2', 'Изменен main_choice.'), ('9', '2013-12-07 18:58:55', '1', '8', '1', 'Первая статья', '2', 'Изменен main_choice.'), ('10', '2013-12-07 19:11:57', '1', '8', '1', 'Первая статья', '2', 'Изменен image_blue.'), ('11', '2013-12-07 19:20:58', '1', '8', '1', 'Первая статья', '2', 'Изменен image_blue.'), ('12', '2013-12-21 11:01:25', '1', '8', '2', 'Вторая статья на главной', '1', ''), ('13', '2013-12-21 11:01:38', '1', '8', '1', 'Первая статья на главной', '2', 'Изменен name.'), ('14', '2013-12-21 11:03:07', '1', '8', '3', 'Третья статья на главной', '1', ''), ('15', '2013-12-21 11:30:50', '1', '8', '1', 'Первая статья на главной', '2', 'Изменен image.'), ('16', '2013-12-21 12:15:48', '1', '8', '3', 'Третья статья на главной', '2', 'Изменен image_blue.'), ('17', '2013-12-21 12:16:15', '1', '8', '3', 'Третья статья на главной', '2', 'Изменен image_blue.'), ('18', '2013-12-21 12:16:51', '1', '8', '3', 'Третья статья на главной', '2', 'Изменен image_blue.'), ('19', '2013-12-21 12:17:46', '1', '8', '3', 'Третья статья на главной', '2', 'Изменен image_blue.'), ('20', '2013-12-21 15:18:20', '1', '8', '1', 'Первая статья на главной', '2', 'Изменен image_blue.'), ('21', '2013-12-21 15:19:19', '1', '8', '1', 'Первая статья на главной', '2', 'Изменен image_blue.'), ('22', '2013-12-21 15:19:56', '1', '8', '1', 'Первая статья на главной', '2', 'Изменен image_blue.'), ('23', '2013-12-21 15:20:57', '1', '8', '2', 'Вторая статья на главной', '2', 'Изменен image_blue.'), ('24', '2013-12-21 15:24:44', '1', '8', '2', 'Вторая статья на главной', '2', 'Изменен image_blue.'), ('25', '2013-12-21 15:39:20', '1', '8', '1', 'Первая статья на главной', '2', 'Изменен image_blue.'), ('26', '2013-12-21 15:39:34', '1', '8', '3', 'Третья статья на главной', '2', 'Изменен image_blue.'), ('27', '2013-12-21 15:40:24', '1', '8', '1', 'Первая статья на главной', '2', 'Изменен image_blue.'), ('28', '2013-12-21 15:42:02', '1', '8', '1', 'Первая статья на главной', '2', 'Изменен image_blue.'), ('29', '2013-12-21 15:42:10', '1', '8', '3', 'Третья статья на главной', '2', 'Изменен image_blue.'), ('30', '2013-12-21 20:47:05', '1', '8', '1', 'Первая статья на главной', '2', 'Изменен main_choice.'), ('31', '2013-12-21 20:54:23', '1', '8', '1', 'Первая статья на главной', '2', 'Изменен main_choice.'), ('32', '2013-12-21 20:55:59', '1', '8', '1', 'Первая статья на главной', '2', 'Изменен main_choice.'), ('33', '2013-12-22 05:56:37', '1', '12', '1', 'Василий Иванович', '1', ''), ('34', '2013-12-26 20:28:45', '1', '12', '1', 'Василий Иванович', '2', 'Ни одно поле не изменено.'), ('35', '2013-12-26 20:29:43', '1', '12', '2', 'Генадий Петрович', '1', ''), ('36', '2013-12-27 13:39:13', '1', '12', '2', 'Генадий Петрович', '2', 'Изменен image.'), ('37', '2013-12-27 13:39:23', '1', '12', '1', 'Василий Иванович', '2', 'Изменен image.'), ('38', '2013-12-27 13:39:43', '1', '12', '1', 'Василий Иванович', '2', 'Изменен image.'), ('39', '2013-12-27 13:46:18', '1', '8', '1', 'Первая статья на главной', '2', 'Изменен image_blue.'), ('40', '2013-12-27 13:47:17', '1', '8', '2', 'Вторая статья на главной', '2', 'Изменен image_blue.'), ('41', '2013-12-27 22:31:53', '1', '8', '3', 'Третья статья на главной', '2', 'Изменен image_blue.'), ('42', '2013-12-28 08:44:22', '1', '13', '3', 'newtopbet', '2', 'Изменен image.'), ('43', '2013-12-28 08:44:41', '1', '13', '3', 'newtopbet', '2', 'Изменен image.'), ('44', '2013-12-28 15:21:21', '1', '4', '2', 'godmen', '1', ''), ('45', '2013-12-28 15:21:31', '1', '4', '2', 'godmen', '2', 'Изменен password и is_superuser.'), ('46', '2013-12-28 15:21:49', '1', '4', '2', 'godmen', '2', 'Изменен password и is_staff.'), ('47', '2013-12-28 17:05:37', '1', '10', '1', 'seo_1', '1', ''), ('48', '2013-12-28 17:06:19', '1', '10', '2', 'seo_2', '1', ''), ('49', '2013-12-28 17:06:30', '1', '10', '3', 'seo_3', '1', ''), ('50', '2013-12-28 17:06:38', '1', '10', '4', 'seo_4', '1', ''), ('51', '2013-12-28 17:07:17', '1', '10', '1', 'main_seo_1', '2', 'Изменен slug.'), ('52', '2013-12-28 17:07:24', '1', '10', '2', 'main_seo_2', '2', 'Изменен slug.'), ('53', '2013-12-28 17:07:31', '1', '10', '3', 'main_seo_3', '2', 'Изменен slug.'), ('54', '2013-12-28 17:07:38', '1', '10', '4', 'main_seo_4', '2', 'Изменен slug.'), ('55', '2013-12-28 18:01:46', '2', '8', '1', 'Клиенты для Вашего бизнеса ', '2', 'Изменен name и title.'), ('56', '2013-12-28 19:39:28', '2', '8', '1', 'Клиенты для Вашего бизнеса ', '2', 'Изменен text.'), ('57', '2013-12-28 19:42:00', '2', '8', '1', 'Клиенты для Вашего бизнеса ', '2', 'Ни одно поле не изменено.'), ('58', '2013-12-28 21:08:19', '2', '8', '2', 'Увеличение дохода ', '2', 'Изменен name,title и text.'), ('59', '2013-12-28 21:09:53', '2', '8', '1', 'Клиенты для Вашего бизнеса ', '2', 'Ни одно поле не изменено.'), ('60', '2013-12-28 21:12:26', '1', '10', '5', 'top_text', '1', ''), ('61', '2013-12-28 21:46:03', '2', '8', '3', 'Выход на новый уровень ', '2', 'Изменен name,title,description,keywords и text.'), ('62', '2013-12-28 21:46:17', '2', '8', '3', 'Выход на новый уровень ', '2', 'Ни одно поле не изменено.'), ('63', '2013-12-28 21:47:09', '2', '8', '2', 'Увеличение дохода ', '2', 'Изменен description и keywords.'), ('64', '2013-12-28 21:47:53', '2', '8', '1', 'Клиенты для Вашего бизнеса ', '2', 'Изменен description и keywords.'), ('65', '2013-12-28 21:48:37', '2', '8', '3', 'Выход на новый уровень ', '2', 'Изменен text.'), ('66', '2013-12-28 21:49:12', '2', '8', '2', 'Увеличение дохода ', '2', 'Изменен text.'), ('67', '2013-12-28 23:06:02', '1', '8', '3', 'Выход на новый уровень ', '2', 'Изменен text.'), ('68', '2013-12-28 23:06:23', '1', '8', '2', 'Увеличение дохода ', '2', 'Изменен text.'), ('69', '2013-12-28 23:06:43', '1', '8', '1', 'Клиенты для Вашего бизнеса ', '2', 'Изменен text.'), ('70', '2013-12-29 15:41:13', '2', '8', '3', 'Выход на новый уровень ', '2', 'Изменен title.'), ('71', '2013-12-29 15:41:53', '2', '8', '3', 'Выход на новые рынки сбыта ', '2', 'Изменен name.'), ('72', '2013-12-29 16:41:29', '2', '10', '1', 'main_seo_1', '2', 'Изменен header и content.'), ('73', '2013-12-29 16:43:31', '2', '10', '1', 'main_seo_1', '2', 'Изменен header.'), ('74', '2013-12-29 16:44:42', '2', '8', '3', 'Выход на новые рынки сбыта ', '2', 'Изменен text.'), ('75', '2013-12-29 16:45:49', '2', '8', '3', 'Выход на новые рынки сбыта ', '2', 'Изменен text.'), ('76', '2013-12-29 16:46:01', '2', '10', '1', 'main_seo_1', '2', 'Изменен content.'), ('77', '2013-12-29 16:47:25', '2', '10', '1', 'main_seo_1', '2', 'Изменен content.'), ('78', '2013-12-29 16:53:39', '1', '8', '3', 'Выход на новые рынки сбыта ', '2', 'Изменен text.'), ('79', '2013-12-29 16:54:06', '1', '8', '3', 'Выход на новые рынки сбыта ', '2', 'Ни одно поле не изменено.'), ('80', '2013-12-29 17:07:12', '2', '10', '1', 'main_seo_1', '2', 'Ни одно поле не изменено.'), ('81', '2013-12-29 17:07:33', '2', '10', '4', 'main_seo_4', '2', 'Изменен content.'), ('82', '2013-12-29 17:26:05', '2', '10', '2', 'main_seo_2', '2', 'Изменен content.'), ('83', '2013-12-29 17:26:44', '2', '10', '2', 'main_seo_2', '2', 'Изменен content.'), ('84', '2013-12-29 17:36:33', '2', '10', '3', 'main_seo_3', '2', 'Изменен content.'), ('85', '2013-12-29 17:38:52', '2', '10', '3', 'main_seo_3', '2', 'Изменен content.'), ('86', '2013-12-29 17:41:11', '2', '10', '3', 'main_seo_3', '2', 'Изменен content.'), ('87', '2013-12-29 18:32:39', '2', '10', '3', 'main_seo_3', '2', 'Ни одно поле не изменено.'), ('88', '2013-12-29 19:33:35', '2', '13', '2', 'potoloksamson', '2', 'Изменен text.'), ('89', '2013-12-29 19:36:52', '2', '13', '2', 'potoloksamson', '2', 'Изменен text.'), ('90', '2013-12-29 19:37:55', '2', '13', '1', 'lara-mikhalieva', '2', 'Изменен text.'), ('91', '2013-12-29 20:18:37', '2', '13', '2', 'potoloksamson', '2', 'Изменен text.'), ('92', '2013-12-29 20:21:26', '2', '13', '3', 'newtopbet', '2', 'Изменен text.'), ('93', '2013-12-29 20:54:37', '2', '13', '2', 'potoloksamson', '2', 'Изменен text.'), ('94', '2013-12-29 20:55:59', '2', '13', '1', 'lara-mikhalieva', '2', 'Изменен text.'), ('95', '2013-12-29 20:59:22', '2', '13', '3', 'newtopbet', '2', 'Изменен text.'), ('96', '2013-12-30 09:17:51', '1', '10', '5', 'top_text', '2', 'Изменен content.'), ('97', '2013-12-30 13:53:33', '2', '12', '2', 'Валерий Артемьев', '2', 'Изменен name,text и image.'), ('98', '2013-12-30 13:54:53', '2', '12', '2', 'Валерий Артемьев', '2', 'Ни одно поле не изменено.'), ('99', '2013-12-30 14:07:06', '2', '12', '1', 'Галынский Александр \"строительная компания самсон\" ', '2', 'Изменен name,text и image.'), ('100', '2014-01-05 18:40:49', '1', '14', '1', 'Свои дети', '2', 'Изменен image.'), ('101', '2014-01-05 18:43:21', '1', '14', '1', 'Свои дети', '2', 'Изменен image.'), ('102', '2014-01-05 18:43:31', '1', '14', '2', 'Рука помощи', '2', 'Изменен image.'), ('103', '2014-01-05 18:43:43', '1', '14', '3', 'Молескин', '2', 'Изменен image.'), ('104', '2014-01-05 18:43:52', '1', '14', '4', 'Молескин', '2', 'Изменен image.'), ('105', '2014-02-03 11:57:00', '1', '13', '3', 'newtopbet', '2', 'Изменен image и text.'), ('106', '2014-02-03 11:57:09', '1', '13', '2', 'potoloksamson', '2', 'Изменен image.'), ('107', '2014-02-03 11:57:17', '1', '13', '1', 'lara-mikhalieva', '2', 'Изменен image и text.'), ('108', '2014-02-03 11:57:50', '1', '14', '4', 'Молескин', '2', 'Изменен image.'), ('109', '2014-02-03 11:58:10', '1', '14', '3', 'Молескин', '2', 'Изменен image.'), ('110', '2014-02-03 11:58:54', '1', '14', '2', 'Рука помощи', '2', 'Изменен image.'), ('111', '2014-02-03 11:59:03', '1', '14', '1', 'Свои дети', '2', 'Изменен image.'), ('112', '2014-02-03 12:46:34', '1', '13', '3', 'newtopbet', '2', 'Изменен image.'), ('113', '2014-02-05 04:57:20', '1', '13', '3', 'newtopbet', '2', 'Изменен slug. Добавлен Фото \"newtopbet1\". Добавлен Фото \"newtopbet2\". Добавлен Фото \"newtopbet3\".'), ('114', '2014-02-05 05:14:51', '1', '13', '2', 'potoloksamson', '2', 'Изменен slug. Добавлен Фото \"samson1\". Добавлен Фото \"samson2\". Добавлен Фото \"samson3\".'), ('115', '2014-02-05 05:26:38', '1', '13', '1', 'lara-mikhalieva', '2', 'Изменен slug. Добавлен Фото \"lara1\". Добавлен Фото \"lara2\". Добавлен Фото \"lara3\".'), ('116', '2014-02-07 08:55:06', '1', '8', '1', 'Клиенты для Вашего бизнеса ', '2', 'Изменен text.'), ('117', '2014-02-07 08:56:13', '1', '8', '1', 'Клиенты для Вашего бизнеса ', '2', 'Изменен text.'), ('118', '2014-02-07 08:57:52', '1', '8', '2', 'Увеличение дохода ', '2', 'Изменен text.'), ('119', '2014-02-07 08:59:04', '1', '8', '2', 'Увеличение дохода ', '2', 'Изменен text.'), ('120', '2014-02-07 08:59:51', '1', '8', '3', 'Выход на новые рынки сбыта ', '2', 'Изменен text.'), ('121', '2014-02-07 09:01:46', '1', '8', '3', 'Выход на новые рынки сбыта ', '2', 'Изменен text.'), ('122', '2014-02-07 09:02:11', '1', '8', '3', 'Выход на новые рынки сбыта ', '2', 'Изменен text.'), ('123', '2014-02-07 11:03:52', '1', '13', '3', 'newtopbet', '2', 'Изменен text.'), ('124', '2014-02-07 11:06:10', '1', '13', '3', 'newtopbet', '2', 'Изменен text.'), ('125', '2014-02-10 04:32:37', '2', '13', '3', 'newtopbet', '2', 'Изменен text.'), ('126', '2014-02-10 04:34:51', '2', '13', '3', 'newtopbet', '2', 'Изменен text.'), ('127', '2014-02-10 04:36:36', '2', '13', '2', 'potoloksamson', '2', 'Изменен text.'), ('128', '2014-02-10 04:38:02', '2', '13', '1', 'lara-mikhalieva', '2', 'Изменен text.'), ('129', '2014-02-10 05:31:44', '2', '13', '4', 'Доктор-бебер', '1', ''), ('130', '2014-02-10 05:35:48', '2', '13', '4', 'Доктор-бебер (интернет магазин)', '2', 'Изменен name.'), ('131', '2014-02-10 06:59:51', '2', '13', '1', 'lara-mikhalieva (информационный портал)', '2', 'Изменен name,company и text.'), ('132', '2014-02-10 07:01:17', '2', '13', '2', 'Натяжные потолки \"Самсон\" (корпоративный сайт)', '2', 'Изменен name,company и text.'), ('133', '2014-02-10 07:02:05', '2', '13', '3', 'Спортивные ставки (коммерческий портал)', '2', 'Изменен name и company.'), ('134', '2014-02-10 07:03:18', '2', '13', '4', 'Доктор-бобер (интернет магазин)', '2', 'Изменен name и company.'), ('135', '2014-02-10 07:05:04', '2', '13', '3', 'Спортивные ставки ', '2', 'Изменен name.'), ('136', '2014-02-10 07:06:04', '2', '13', '3', 'NewTopBet', '2', 'Изменен name.'), ('137', '2014-02-10 07:07:30', '2', '13', '2', ' \"Самсон\" (корпоративный сайт)', '2', 'Изменен name.'), ('138', '2014-02-10 07:14:41', '2', '13', '5', 'CLUBCOTY (корпоративный сайт)', '1', ''), ('139', '2014-02-10 07:18:27', '2', '13', '4', 'Доктор-бобер (интернет магазин)', '2', 'Изменен text.'), ('140', '2014-02-10 07:43:21', '2', '13', '6', 'MoreBag (интернет магазин)', '1', ''), ('141', '2014-02-10 07:44:06', '2', '13', '5', 'CLUBCOTY (корпоративный сайт)', '2', 'Изменен text.'), ('142', '2014-02-10 07:45:01', '2', '13', '6', 'MoreBag (интернет магазин)', '2', 'Изменен text. Изменены title для Фото \"morebag\". Изменены title для Фото \"morebag2\". Изменены title для Фото \"morebag3\".'), ('143', '2014-02-10 07:45:46', '2', '13', '6', 'MoreBag (интернет магазин)', '2', 'Изменен slug.'), ('144', '2014-02-10 07:46:25', '2', '13', '5', 'CLUBCOTY (корпоративный сайт)', '2', 'Изменен slug.'), ('145', '2014-02-10 19:32:37', '2', '13', '7', 'ТемаАвто (корпоративный сайт)', '1', ''), ('146', '2014-02-10 19:35:25', '2', '13', '7', 'ТемаАвто (корпоративный сайт)', '2', 'Изменены img для Фото \"auto3\".'), ('147', '2014-02-10 19:51:26', '2', '13', '8', 'Натяжные потолки \"Smile-Lion\" (корпоративный сайт )', '1', ''), ('148', '2014-02-10 20:19:24', '2', '13', '9', 'Меховые бренды (интернет магазин)', '1', ''), ('149', '2014-02-10 21:04:19', '2', '13', '10', 'SurgutTur (корпоративный сайт)', '1', ''), ('150', '2014-02-10 21:04:35', '2', '13', '10', 'SurgutTur (корпоративный сайт)', '2', 'Ни одно поле не изменено.'), ('151', '2014-02-10 21:05:19', '2', '13', '10', 'SurgutTur (корпоративный сайт)', '2', 'Изменены img для Фото \"surguttur4\".'), ('152', '2014-02-10 21:06:05', '2', '13', '10', 'SurgutTur (корпоративный сайт)', '2', 'Удален Фото \"surguttur4\".'), ('153', '2014-02-10 21:06:37', '2', '13', '10', 'SurgutTur (корпоративный сайт)', '2', 'Добавлен Фото \"surguttur4\".'), ('154', '2014-02-10 21:07:57', '2', '13', '10', 'SurgutTur (корпоративный сайт)', '2', 'Изменены img для Фото \"surguttur\". Изменены img для Фото \"surguttur4\".'), ('155', '2014-02-10 21:24:55', '2', '13', '11', 'Telephonk (интернет магазин)', '1', ''), ('156', '2014-02-10 21:50:52', '2', '13', '12', 'Дрим-строй (корпоративный сайт)', '1', ''), ('157', '2014-02-11 08:11:22', '2', '13', '13', 'Церковь Прославления (информационный портал)', '1', ''), ('158', '2014-02-11 08:12:40', '2', '13', '13', 'Церковь Прославления', '2', 'Изменен name.'), ('159', '2014-02-11 08:42:17', '2', '13', '13', 'Церковь Прославления', '2', 'Ни одно поле не изменено.'), ('160', '2014-02-11 09:01:22', '2', '13', '14', 'Dicovino (интернет магазин)', '1', ''), ('161', '2014-02-11 09:37:27', '2', '13', '15', 'Клиника Dentari (корпоративный сайт)', '1', ''), ('162', '2014-02-11 10:33:17', '1', '13', '15', 'Клиника Dentari (корпоративный сайт)', '2', 'Изменен date.'), ('163', '2014-02-11 10:33:50', '1', '13', '15', 'Клиника Dentari (корпоративный сайт)', '2', 'Изменен date.'), ('164', '2014-02-11 10:34:12', '1', '13', '15', 'Клиника Dentari (корпоративный сайт)', '2', 'Изменен date.'), ('165', '2014-02-11 10:35:00', '1', '13', '15', 'Клиника Dentari (корпоративный сайт)', '2', 'Изменен date.'), ('166', '2014-02-11 10:35:32', '1', '13', '15', 'Клиника Dentari (корпоративный сайт)', '2', 'Изменен date.'), ('167', '2014-02-11 15:49:08', '2', '13', '16', 'Иавис (сайт визитка)', '1', ''), ('168', '2014-02-11 15:50:32', '2', '13', '16', 'Иавис ', '2', 'Изменен name и text.'), ('169', '2014-02-11 15:52:18', '2', '13', '15', 'Клиника Dentari (корпоративный сайт)', '2', 'Изменен date.'), ('170', '2014-02-11 16:06:14', '2', '13', '17', 'Церковь Прославления г.Северск', '1', ''), ('171', '2014-02-11 16:27:45', '2', '13', '18', 'Виктория Белова (сайт портфолио)', '1', ''), ('172', '2014-02-11 16:39:26', '2', '13', '19', 'Александр Овчаренко (сайт портфолио)', '1', ''), ('173', '2014-02-11 20:42:08', '2', '13', '19', 'Александр Овчаренко (сайт портфолио)', '2', 'Ни одно поле не изменено.'), ('174', '2014-02-11 20:43:24', '2', '13', '19', 'Фотограф Александр Овчаренко (сайт портфолио)', '2', 'Изменен name и company.'), ('175', '2014-02-11 20:48:25', '2', '13', '19', 'Александр Овчаренко', '2', 'Изменен name.'), ('176', '2014-02-11 20:57:11', '2', '13', '20', 'Art -craft (корпоративный сайт)', '1', ''), ('177', '2014-02-11 20:57:33', '2', '13', '16', 'Иавис ', '2', 'Изменен text.'), ('178', '2014-02-11 22:00:11', '1', '10', '5', 'top_text', '2', 'Изменен content.'), ('179', '2014-02-12 07:06:33', '2', '13', '21', 'ВodyВay (сайт визитка)', '1', ''), ('180', '2014-02-12 07:46:57', '2', '13', '22', 'DonaFideBroker', '1', ''), ('181', '2014-02-12 08:05:51', '2', '13', '23', 'Repetitor ', '1', ''), ('182', '2014-02-12 09:36:00', '2', '13', '24', 'Грузоперевозки (сайт визитка)', '1', ''), ('183', '2014-02-12 09:51:04', '2', '13', '25', 'Сайт визитка', '1', ''), ('184', '2014-02-12 10:03:38', '2', '13', '26', 'Промо сайт', '1', ''), ('185', '2014-02-12 15:19:26', '2', '13', '27', 'I Z U M O F F (корпоративный сайт)', '1', ''), ('186', '2014-02-12 15:37:36', '2', '13', '28', 'Позитив (корпоративный сайт)', '1', ''), ('187', '2014-02-12 15:44:44', '2', '13', '28', 'Позитив (корпоративный сайт)', '2', 'Изменен text.'), ('188', '2014-02-12 16:00:47', '2', '13', '29', 'Корпоративный сайт', '1', ''), ('189', '2014-02-12 16:40:38', '2', '13', '30', '\"Комфорт\" (корпоративный сайт)', '1', ''), ('190', '2014-02-12 16:56:52', '2', '13', '31', 'HoromaMama (корпоративный сайт)', '1', ''), ('191', '2014-02-12 17:04:22', '2', '13', '28', 'Позитив (корпоративный сайт)', '2', 'Изменен text.'), ('192', '2014-02-12 17:18:01', '2', '13', '32', 'Autoklassika (сайт визитка)', '1', ''), ('193', '2014-02-18 13:25:11', '2', '12', '2', 'Валерий Артемьев', '2', 'Изменен text.'), ('194', '2014-02-19 07:56:02', '2', '13', '7', 'ТемаАвто (корпоративный сайт)', '2', 'Изменен text.'), ('195', '2014-10-19 15:31:08', '1', '12', '2', 'Валерий Артемьев', '2', 'Изменен image.'), ('196', '2014-10-19 16:17:04', '1', '12', '2', 'Валерий Артемьев', '2', 'Изменен image.'), ('197', '2014-10-19 16:17:21', '1', '12', '1', 'Галынский Александр \"строительная компания самсон\" ', '2', 'Изменен text и image.'), ('198', '2014-10-19 17:14:34', '1', '12', '3', 'Петр Александрович', '1', ''), ('199', '2014-10-19 17:15:25', '1', '12', '4', 'Михаил Валерьевич', '1', ''), ('200', '2014-10-19 17:16:01', '1', '12', '5', 'Валерия Александровна', '1', ''), ('201', '2014-10-19 17:16:24', '1', '12', '6', 'Митрофан Артемович', '1', ''), ('202', '2014-10-19 19:14:56', '1', '12', '6', 'Митрофан Артемович', '2', 'Изменен image.'), ('203', '2014-10-19 19:15:04', '1', '12', '5', 'Валерия Александровна', '2', 'Изменен image.'), ('204', '2014-10-19 19:15:16', '1', '12', '4', 'Михаил Валерьевич', '2', 'Изменен image.'), ('205', '2014-10-19 19:15:26', '1', '12', '3', 'Петр Александрович', '2', 'Изменен image.'), ('206', '2014-10-19 19:15:50', '1', '12', '2', 'Валерий Артемьев', '3', ''), ('207', '2014-10-19 19:15:50', '1', '12', '1', 'Галынский Александр \"строительная компания самсон\" ', '3', ''), ('208', '2014-10-19 19:18:09', '1', '12', '6', 'Митрофан Артемович', '2', 'Изменен company.'), ('209', '2014-10-19 19:18:16', '1', '12', '5', 'Валерия Александровна', '2', 'Изменен company.'), ('210', '2014-10-19 19:18:24', '1', '12', '4', 'Михаил Валерьевич', '2', 'Изменен company.'), ('211', '2014-10-19 19:18:30', '1', '12', '3', 'Петр Александрович', '2', 'Изменен company.');
COMMIT;

-- ----------------------------
--  Table structure for `django_content_type`
-- ----------------------------
DROP TABLE IF EXISTS `django_content_type`;
CREATE TABLE `django_content_type` (
  `id` int(11) NOT NULL AUTO_INCREMENT,
  `name` varchar(100) NOT NULL,
  `app_label` varchar(100) NOT NULL,
  `model` varchar(100) NOT NULL,
  PRIMARY KEY (`id`),
  UNIQUE KEY `app_label` (`app_label`,`model`)
) ENGINE=InnoDB AUTO_INCREMENT=16 DEFAULT CHARSET=utf8 ROW_FORMAT=COMPACT;

-- ----------------------------
--  Records of `django_content_type`
-- ----------------------------
BEGIN;
INSERT INTO `django_content_type` VALUES ('1', 'log entry', 'admin', 'logentry'), ('2', 'permission', 'auth', 'permission'), ('3', 'group', 'auth', 'group'), ('4', 'user', 'auth', 'user'), ('5', 'content type', 'contenttypes', 'contenttype'), ('6', 'session', 'sessions', 'session'), ('7', 'migration history', 'south', 'migrationhistory'), ('8', 'Статья', 'blog', 'post'), ('9', 'kv store', 'thumbnail', 'kvstore'), ('10', 'Flat block', 'flatblocks', 'flatblock'), ('11', 'Слайдер', 'slider', 'slider'), ('12', 'Отзывы', 'review', 'review'), ('13', 'Портфолио', 'portfolio', 'portfolio'), ('14', 'Грамоты', 'grammars', 'gram'), ('15', 'Фото', 'portfolio', 'imagefolio');
COMMIT;

-- ----------------------------
--  Table structure for `django_session`
-- ----------------------------
DROP TABLE IF EXISTS `django_session`;
CREATE TABLE `django_session` (
  `session_key` varchar(40) NOT NULL,
  `session_data` longtext NOT NULL,
  `expire_date` datetime NOT NULL,
  PRIMARY KEY (`session_key`),
  KEY `django_session_b7b81f0c` (`expire_date`)
) ENGINE=InnoDB DEFAULT CHARSET=utf8 ROW_FORMAT=COMPACT;

-- ----------------------------
--  Records of `django_session`
-- ----------------------------
BEGIN;
INSERT INTO `django_session` VALUES ('032hxcpoxtgen5jzu2sdac20qgy5kctx', 'YmI1MTcyM2Y2ZmI5ZjFiNTQyOWU2N2E2M2I0N2FkMjE5NjMzM2ZkZDqAAn1xAShVEl9hdXRoX3VzZXJfYmFja2VuZHECVSlkamFuZ28uY29udHJpYi5hdXRoLmJhY2tlbmRzLk1vZGVsQmFja2VuZHEDVQ1fYXV0aF91c2VyX2lkcQSKAQF1Lg==', '2014-02-17 11:53:22'), ('0ffvrw5dlhiel61d9cot0gvnjstpne33', 'YTcxZjZhYzRiNzk1ZGJiZmM2OGVmZjRjNGFhZWMzZGVmYmRhZTc5ZjqAAn1xAVgKAAAAdGVzdGNvb2tpZXECWAYAAAB3b3JrZWRxA3Mu', '2014-02-16 06:38:52'), ('0ix0sumw15jr34g02j5t7qq3sj9bb0ne', 'YmI1MTcyM2Y2ZmI5ZjFiNTQyOWU2N2E2M2I0N2FkMjE5NjMzM2ZkZDqAAn1xAShVEl9hdXRoX3VzZXJfYmFja2VuZHECVSlkamFuZ28uY29udHJpYi5hdXRoLmJhY2tlbmRzLk1vZGVsQmFja2VuZHEDVQ1fYXV0aF91c2VyX2lkcQSKAQF1Lg==', '2014-02-25 21:59:55'), ('159uskv8kk2m6uayhnrjvt1lsl7vik3c', 'YTcxZjZhYzRiNzk1ZGJiZmM2OGVmZjRjNGFhZWMzZGVmYmRhZTc5ZjqAAn1xAVgKAAAAdGVzdGNvb2tpZXECWAYAAAB3b3JrZWRxA3Mu', '2014-06-02 09:20:25'), ('2weyjirrnnwbcmhoicg540ctlryfib3d', 'YTcxZjZhYzRiNzk1ZGJiZmM2OGVmZjRjNGFhZWMzZGVmYmRhZTc5ZjqAAn1xAVgKAAAAdGVzdGNvb2tpZXECWAYAAAB3b3JrZWRxA3Mu', '2014-04-21 08:25:41'), ('30rd0ajndntkia6x9mnrzad87umuhur4', 'YTcxZjZhYzRiNzk1ZGJiZmM2OGVmZjRjNGFhZWMzZGVmYmRhZTc5ZjqAAn1xAVgKAAAAdGVzdGNvb2tpZXECWAYAAAB3b3JrZWRxA3Mu', '2014-04-21 08:26:09'), ('3jae9r96scyl7fjmj3undoj45dz363an', 'YTcxZjZhYzRiNzk1ZGJiZmM2OGVmZjRjNGFhZWMzZGVmYmRhZTc5ZjqAAn1xAVgKAAAAdGVzdGNvb2tpZXECWAYAAAB3b3JrZWRxA3Mu', '2014-02-20 12:23:46'), ('46gknaqvt12nmmboeq90fy0kxp02j4qs', 'YTcxZjZhYzRiNzk1ZGJiZmM2OGVmZjRjNGFhZWMzZGVmYmRhZTc5ZjqAAn1xAVgKAAAAdGVzdGNvb2tpZXECWAYAAAB3b3JrZWRxA3Mu', '2014-02-16 12:24:03'), ('4uy1lp4itbxa0tdygxkj75y27tcx6jnh', 'YmI1MTcyM2Y2ZmI5ZjFiNTQyOWU2N2E2M2I0N2FkMjE5NjMzM2ZkZDqAAn1xAShVEl9hdXRoX3VzZXJfYmFja2VuZHECVSlkamFuZ28uY29udHJpYi5hdXRoLmJhY2tlbmRzLk1vZGVsQmFja2VuZHEDVQ1fYXV0aF91c2VyX2lkcQSKAQF1Lg==', '2014-01-10 13:38:56'), ('4yetrlrrgffhrzkwpqp6mjik0vytyf4n', 'YTcxZjZhYzRiNzk1ZGJiZmM2OGVmZjRjNGFhZWMzZGVmYmRhZTc5ZjqAAn1xAVgKAAAAdGVzdGNvb2tpZXECWAYAAAB3b3JrZWRxA3Mu', '2014-06-02 09:22:15'), ('5nb608xnu38h0zyqdinjio9l159bs7ps', 'YTcxZjZhYzRiNzk1ZGJiZmM2OGVmZjRjNGFhZWMzZGVmYmRhZTc5ZjqAAn1xAVgKAAAAdGVzdGNvb2tpZXECWAYAAAB3b3JrZWRxA3Mu', '2014-04-21 08:27:01'), ('61oviwk6lk1yzq6ybq8eojvxhd5p41xd', 'YmI1MTcyM2Y2ZmI5ZjFiNTQyOWU2N2E2M2I0N2FkMjE5NjMzM2ZkZDqAAn1xAShVEl9hdXRoX3VzZXJfYmFja2VuZHECVSlkamFuZ28uY29udHJpYi5hdXRoLmJhY2tlbmRzLk1vZGVsQmFja2VuZHEDVQ1fYXV0aF91c2VyX2lkcQSKAQF1Lg==', '2014-04-15 09:55:35'), ('64vfv7r9ro3q5me3ozoa36zax9vz84wa', 'YmI1MTcyM2Y2ZmI5ZjFiNTQyOWU2N2E2M2I0N2FkMjE5NjMzM2ZkZDqAAn1xAShVEl9hdXRoX3VzZXJfYmFja2VuZHECVSlkamFuZ28uY29udHJpYi5hdXRoLmJhY2tlbmRzLk1vZGVsQmFja2VuZHEDVQ1fYXV0aF91c2VyX2lkcQSKAQF1Lg==', '2014-11-02 14:48:25'), ('65z3a1iuwfcwtwvr4nxpgafdqjo51aen', 'YTcxZjZhYzRiNzk1ZGJiZmM2OGVmZjRjNGFhZWMzZGVmYmRhZTc5ZjqAAn1xAVgKAAAAdGVzdGNvb2tpZXECWAYAAAB3b3JrZWRxA3Mu', '2014-02-16 12:07:01'), ('6akhagpdj4nys83rt21jx8vsg2yxaqd4', 'YTcxZjZhYzRiNzk1ZGJiZmM2OGVmZjRjNGFhZWMzZGVmYmRhZTc5ZjqAAn1xAVgKAAAAdGVzdGNvb2tpZXECWAYAAAB3b3JrZWRxA3Mu', '2014-02-20 11:05:36'), ('74h4pn1q6ualtbzpscb1ts9hv7nno9dn', 'YmI1MTcyM2Y2ZmI5ZjFiNTQyOWU2N2E2M2I0N2FkMjE5NjMzM2ZkZDqAAn1xAShVEl9hdXRoX3VzZXJfYmFja2VuZHECVSlkamFuZ28uY29udHJpYi5hdXRoLmJhY2tlbmRzLk1vZGVsQmFja2VuZHEDVQ1fYXV0aF91c2VyX2lkcQSKAQF1Lg==', '2014-02-19 04:56:33'), ('7lqz9wd6nk21jg7u9a9i5r8mtcu4i5q7', 'YTcxZjZhYzRiNzk1ZGJiZmM2OGVmZjRjNGFhZWMzZGVmYmRhZTc5ZjqAAn1xAVgKAAAAdGVzdGNvb2tpZXECWAYAAAB3b3JrZWRxA3Mu', '2014-04-23 08:13:11'), ('7qbpu598v1gviy9qe7rh8a8y5y7gslao', 'YTcxZjZhYzRiNzk1ZGJiZmM2OGVmZjRjNGFhZWMzZGVmYmRhZTc5ZjqAAn1xAVgKAAAAdGVzdGNvb2tpZXECWAYAAAB3b3JrZWRxA3Mu', '2014-02-16 07:56:19'), ('7qmmas8b5rc1f5p249sz1is24qxe30vb', 'YmI1MTcyM2Y2ZmI5ZjFiNTQyOWU2N2E2M2I0N2FkMjE5NjMzM2ZkZDqAAn1xAShVEl9hdXRoX3VzZXJfYmFja2VuZHECVSlkamFuZ28uY29udHJpYi5hdXRoLmJhY2tlbmRzLk1vZGVsQmFja2VuZHEDVQ1fYXV0aF91c2VyX2lkcQSKAQF1Lg==', '2013-12-21 08:25:43'), ('8coluhi8fcx6pdilxmde5u4w62mc4nz7', 'YmI1MTcyM2Y2ZmI5ZjFiNTQyOWU2N2E2M2I0N2FkMjE5NjMzM2ZkZDqAAn1xAShVEl9hdXRoX3VzZXJfYmFja2VuZHECVSlkamFuZ28uY29udHJpYi5hdXRoLmJhY2tlbmRzLk1vZGVsQmFja2VuZHEDVQ1fYXV0aF91c2VyX2lkcQSKAQF1Lg==', '2014-01-05 05:43:08'), ('8lzfqqrw6qklea0b5w02g7q94i0nsjb4', 'YTcxZjZhYzRiNzk1ZGJiZmM2OGVmZjRjNGFhZWMzZGVmYmRhZTc5ZjqAAn1xAVgKAAAAdGVzdGNvb2tpZXECWAYAAAB3b3JrZWRxA3Mu', '2014-04-21 08:26:03'), ('914ssxcqbrgg04t40vgi6lscrt3y0ut8', 'YTcxZjZhYzRiNzk1ZGJiZmM2OGVmZjRjNGFhZWMzZGVmYmRhZTc5ZjqAAn1xAVgKAAAAdGVzdGNvb2tpZXECWAYAAAB3b3JrZWRxA3Mu', '2014-04-21 08:26:55'), ('9cz9j1zip17jxnklelu3z0lkeaeq3h1p', 'YTcxZjZhYzRiNzk1ZGJiZmM2OGVmZjRjNGFhZWMzZGVmYmRhZTc5ZjqAAn1xAVgKAAAAdGVzdGNvb2tpZXECWAYAAAB3b3JrZWRxA3Mu', '2014-04-21 08:26:57'), ('a4aegpq0y84xj2to9m199b6iq779ox1z', 'YTcxZjZhYzRiNzk1ZGJiZmM2OGVmZjRjNGFhZWMzZGVmYmRhZTc5ZjqAAn1xAVgKAAAAdGVzdGNvb2tpZXECWAYAAAB3b3JrZWRxA3Mu', '2014-04-21 08:25:59'), ('acf4d6lcpqn35mqvm9y7yt2w9jemp83u', 'NTNhZjdiZWE5ODAzZDFkMzhjYjQ2OThhZjA4OGYzMGQxYjJiOTIwOTqAAn1xAShVEl9hdXRoX3VzZXJfYmFja2VuZHECVSlkamFuZ28uY29udHJpYi5hdXRoLmJhY2tlbmRzLk1vZGVsQmFja2VuZHEDVQ1fYXV0aF91c2VyX2lkcQSKAQJ1Lg==', '2014-02-26 06:45:35'), ('arcvdmk3hb4oosvcnmuwre7qjttru687', 'YTcxZjZhYzRiNzk1ZGJiZmM2OGVmZjRjNGFhZWMzZGVmYmRhZTc5ZjqAAn1xAVgKAAAAdGVzdGNvb2tpZXECWAYAAAB3b3JrZWRxA3Mu', '2014-02-16 12:51:30'), ('c80phyb5cjmkcjitpysi330eu2t2lt4v', 'YmI1MTcyM2Y2ZmI5ZjFiNTQyOWU2N2E2M2I0N2FkMjE5NjMzM2ZkZDqAAn1xAShVEl9hdXRoX3VzZXJfYmFja2VuZHECVSlkamFuZ28uY29udHJpYi5hdXRoLmJhY2tlbmRzLk1vZGVsQmFja2VuZHEDVQ1fYXV0aF91c2VyX2lkcQSKAQF1Lg==', '2014-04-15 09:55:48'), ('dob900hjv0jkf4tr10n53cjaa3d3ynzd', 'YTcxZjZhYzRiNzk1ZGJiZmM2OGVmZjRjNGFhZWMzZGVmYmRhZTc5ZjqAAn1xAVgKAAAAdGVzdGNvb2tpZXECWAYAAAB3b3JrZWRxA3Mu', '2014-04-21 08:25:47'), ('dsr5biut00ps4jsg5s735p31s3cyv51r', 'YmI1MTcyM2Y2ZmI5ZjFiNTQyOWU2N2E2M2I0N2FkMjE5NjMzM2ZkZDqAAn1xAShVEl9hdXRoX3VzZXJfYmFja2VuZHECVSlkamFuZ28uY29udHJpYi5hdXRoLmJhY2tlbmRzLk1vZGVsQmFja2VuZHEDVQ1fYXV0aF91c2VyX2lkcQSKAQF1Lg==', '2014-02-21 11:01:53'), ('epqocpceloqbpspzg6zcvpfm6zsmyg1i', 'YTcxZjZhYzRiNzk1ZGJiZmM2OGVmZjRjNGFhZWMzZGVmYmRhZTc5ZjqAAn1xAVgKAAAAdGVzdGNvb2tpZXECWAYAAAB3b3JrZWRxA3Mu', '2014-04-21 08:25:29'), ('er7ohsom3yy5ho04gfmbpunlt65ifqdn', 'YTcxZjZhYzRiNzk1ZGJiZmM2OGVmZjRjNGFhZWMzZGVmYmRhZTc5ZjqAAn1xAVgKAAAAdGVzdGNvb2tpZXECWAYAAAB3b3JrZWRxA3Mu', '2014-03-22 19:14:19'), ('gkf8f3e906v69m9kqmwz64hjdxe11niu', 'YTcxZjZhYzRiNzk1ZGJiZmM2OGVmZjRjNGFhZWMzZGVmYmRhZTc5ZjqAAn1xAVgKAAAAdGVzdGNvb2tpZXECWAYAAAB3b3JrZWRxA3Mu', '2014-02-16 08:01:13'), ('hdzxayszys76xe7dw6nho6lqns45kns2', 'YmI1MTcyM2Y2ZmI5ZjFiNTQyOWU2N2E2M2I0N2FkMjE5NjMzM2ZkZDqAAn1xAShVEl9hdXRoX3VzZXJfYmFja2VuZHECVSlkamFuZ28uY29udHJpYi5hdXRoLmJhY2tlbmRzLk1vZGVsQmFja2VuZHEDVQ1fYXV0aF91c2VyX2lkcQSKAQF1Lg==', '2014-01-09 20:17:16'), ('hjfc78lfgd3iyb34woxl1va2wkx2ry6f', 'YTcxZjZhYzRiNzk1ZGJiZmM2OGVmZjRjNGFhZWMzZGVmYmRhZTc5ZjqAAn1xAVgKAAAAdGVzdGNvb2tpZXECWAYAAAB3b3JrZWRxA3Mu', '2014-01-10 16:58:47'), ('hnsm1dbrczs75hg2802pmwbgxkxomn1w', 'YTcxZjZhYzRiNzk1ZGJiZmM2OGVmZjRjNGFhZWMzZGVmYmRhZTc5ZjqAAn1xAVgKAAAAdGVzdGNvb2tpZXECWAYAAAB3b3JrZWRxA3Mu', '2014-05-23 05:46:46'), ('hoktll6flls8t9dwu141h9t3auf71vz5', 'YTcxZjZhYzRiNzk1ZGJiZmM2OGVmZjRjNGFhZWMzZGVmYmRhZTc5ZjqAAn1xAVgKAAAAdGVzdGNvb2tpZXECWAYAAAB3b3JrZWRxA3Mu', '2014-04-22 02:36:05'), ('hp65j8fn22urjz8vzamgj2w95hzhdhkl', 'MWZjMjU4NDYxZTVjZTZmYTQyMDk2MTljMjcyODJlMWZiNmMwZWUyNzp7fQ==', '2013-12-06 08:20:51'), ('j03v8zf1d105tn8dcuarn9kjgad9y5ps', 'YTcxZjZhYzRiNzk1ZGJiZmM2OGVmZjRjNGFhZWMzZGVmYmRhZTc5ZjqAAn1xAVgKAAAAdGVzdGNvb2tpZXECWAYAAAB3b3JrZWRxA3Mu', '2014-04-21 08:25:50'), ('jvezav2vct58imu0mg80mses0ja7410m', 'YTcxZjZhYzRiNzk1ZGJiZmM2OGVmZjRjNGFhZWMzZGVmYmRhZTc5ZjqAAn1xAVgKAAAAdGVzdGNvb2tpZXECWAYAAAB3b3JrZWRxA3Mu', '2014-02-20 11:51:28'), ('jxar0h4sk9ircuj8te5al5bvno0kmvse', 'YmI1MTcyM2Y2ZmI5ZjFiNTQyOWU2N2E2M2I0N2FkMjE5NjMzM2ZkZDqAAn1xAShVEl9hdXRoX3VzZXJfYmFja2VuZHECVSlkamFuZ28uY29udHJpYi5hdXRoLmJhY2tlbmRzLk1vZGVsQmFja2VuZHEDVQ1fYXV0aF91c2VyX2lkcQSKAQF1Lg==', '2014-01-19 18:31:04'), ('mhozxovrhgk9d35xne5enj8tufklhdx5', 'YTcxZjZhYzRiNzk1ZGJiZmM2OGVmZjRjNGFhZWMzZGVmYmRhZTc5ZjqAAn1xAVgKAAAAdGVzdGNvb2tpZXECWAYAAAB3b3JrZWRxA3Mu', '2014-04-23 08:48:21'), ('mo1ak019bm1wsdcexkwx2qid6u6fegqy', 'YTcxZjZhYzRiNzk1ZGJiZmM2OGVmZjRjNGFhZWMzZGVmYmRhZTc5ZjqAAn1xAVgKAAAAdGVzdGNvb2tpZXECWAYAAAB3b3JrZWRxA3Mu', '2014-04-23 08:13:11'), ('mwva7amjxfvotgmpoceufuut4q47he5c', 'YTcxZjZhYzRiNzk1ZGJiZmM2OGVmZjRjNGFhZWMzZGVmYmRhZTc5ZjqAAn1xAVgKAAAAdGVzdGNvb2tpZXECWAYAAAB3b3JrZWRxA3Mu', '2014-02-16 13:02:10'), ('my1o5y7p5kl0njzu4038m16ek6kwc4t6', 'YTcxZjZhYzRiNzk1ZGJiZmM2OGVmZjRjNGFhZWMzZGVmYmRhZTc5ZjqAAn1xAVgKAAAAdGVzdGNvb2tpZXECWAYAAAB3b3JrZWRxA3Mu', '2014-04-21 08:25:29'), ('neo72k5bn154h09xdireryoehwl3qtj2', 'ODlmZmVkYTA5NDhlNWYwOTY1ODM0OThhMjE5MjNkNTg1ODI4MGJjNTp7Il9hdXRoX3VzZXJfYmFja2VuZCI6ImRqYW5nby5jb250cmliLmF1dGguYmFja2VuZHMuTW9kZWxCYWNrZW5kIiwiX2F1dGhfdXNlcl9pZCI6MX0=', '2013-12-06 08:21:03'), ('no8nkiz30nlj8pj99irf8matevslmje5', 'YTcxZjZhYzRiNzk1ZGJiZmM2OGVmZjRjNGFhZWMzZGVmYmRhZTc5ZjqAAn1xAVgKAAAAdGVzdGNvb2tpZXECWAYAAAB3b3JrZWRxA3Mu', '2014-02-16 11:41:25'), ('ntzmntm4u0klbkt49n2jyny52mccwub5', 'YTcxZjZhYzRiNzk1ZGJiZmM2OGVmZjRjNGFhZWMzZGVmYmRhZTc5ZjqAAn1xAVgKAAAAdGVzdGNvb2tpZXECWAYAAAB3b3JrZWRxA3Mu', '2014-02-16 06:27:59'), ('o3z3wuqskecc85q7bywybme3on4ni5d2', 'YTcxZjZhYzRiNzk1ZGJiZmM2OGVmZjRjNGFhZWMzZGVmYmRhZTc5ZjqAAn1xAVgKAAAAdGVzdGNvb2tpZXECWAYAAAB3b3JrZWRxA3Mu', '2014-03-09 11:37:31'), ('o7h6paaqt91719by5vkzi2d9ld7ny1n7', 'YTcxZjZhYzRiNzk1ZGJiZmM2OGVmZjRjNGFhZWMzZGVmYmRhZTc5ZjqAAn1xAVgKAAAAdGVzdGNvb2tpZXECWAYAAAB3b3JrZWRxA3Mu', '2014-04-21 08:26:05'), ('os8bc0i8nel6lypwangxnmpnrf3zhor2', 'YTcxZjZhYzRiNzk1ZGJiZmM2OGVmZjRjNGFhZWMzZGVmYmRhZTc5ZjqAAn1xAVgKAAAAdGVzdGNvb2tpZXECWAYAAAB3b3JrZWRxA3Mu', '2014-03-21 02:28:27'), ('p0fb6leq2imit1xirs3yn8ixtymzpp00', 'YTcxZjZhYzRiNzk1ZGJiZmM2OGVmZjRjNGFhZWMzZGVmYmRhZTc5ZjqAAn1xAVgKAAAAdGVzdGNvb2tpZXECWAYAAAB3b3JrZWRxA3Mu', '2014-05-23 05:46:07'), ('p0grelbunwlzelkjpw2r816oaoc056bk', 'YTcxZjZhYzRiNzk1ZGJiZmM2OGVmZjRjNGFhZWMzZGVmYmRhZTc5ZjqAAn1xAVgKAAAAdGVzdGNvb2tpZXECWAYAAAB3b3JrZWRxA3Mu', '2014-04-21 08:26:11'), ('phiwh0f3are4l0m70h49nujimfepqcx6', 'YTcxZjZhYzRiNzk1ZGJiZmM2OGVmZjRjNGFhZWMzZGVmYmRhZTc5ZjqAAn1xAVgKAAAAdGVzdGNvb2tpZXECWAYAAAB3b3JrZWRxA3Mu', '2014-02-22 15:23:06'), ('ps2zkqjwhtx2p7uqjnp8cyj592wgc22s', 'YTcxZjZhYzRiNzk1ZGJiZmM2OGVmZjRjNGFhZWMzZGVmYmRhZTc5ZjqAAn1xAVgKAAAAdGVzdGNvb2tpZXECWAYAAAB3b3JrZWRxA3Mu', '2014-01-11 04:04:37'), ('ptolery813bgiy4ajyj4p1a4vi6nhxu7', 'YTcxZjZhYzRiNzk1ZGJiZmM2OGVmZjRjNGFhZWMzZGVmYmRhZTc5ZjqAAn1xAVgKAAAAdGVzdGNvb2tpZXECWAYAAAB3b3JrZWRxA3Mu', '2014-01-18 20:45:17'), ('q2bts7a4q7tht67sz3ymyw4i5cy0swwq', 'YTcxZjZhYzRiNzk1ZGJiZmM2OGVmZjRjNGFhZWMzZGVmYmRhZTc5ZjqAAn1xAVgKAAAAdGVzdGNvb2tpZXECWAYAAAB3b3JrZWRxA3Mu', '2014-04-23 08:14:54'), ('qadecvbyobcek7q96l5kp3wjei17um1x', 'YTcxZjZhYzRiNzk1ZGJiZmM2OGVmZjRjNGFhZWMzZGVmYmRhZTc5ZjqAAn1xAVgKAAAAdGVzdGNvb2tpZXECWAYAAAB3b3JrZWRxA3Mu', '2014-04-02 08:39:03'), ('qy5nhhh4mj0lwrt9ll0iniv4iuj2f58k', 'YmI1MTcyM2Y2ZmI5ZjFiNTQyOWU2N2E2M2I0N2FkMjE5NjMzM2ZkZDqAAn1xAShVEl9hdXRoX3VzZXJfYmFja2VuZHECVSlkamFuZ28uY29udHJpYi5hdXRoLmJhY2tlbmRzLk1vZGVsQmFja2VuZHEDVQ1fYXV0aF91c2VyX2lkcQSKAQF1Lg==', '2013-12-21 10:13:53'), ('r00myz1vc266uxj0boujtmmq6qklsvh9', 'YTcxZjZhYzRiNzk1ZGJiZmM2OGVmZjRjNGFhZWMzZGVmYmRhZTc5ZjqAAn1xAVgKAAAAdGVzdGNvb2tpZXECWAYAAAB3b3JrZWRxA3Mu', '2014-04-21 08:25:43'), ('rpdvpfv9cu06z9ttiusnsuchxrm287ax', 'YTcxZjZhYzRiNzk1ZGJiZmM2OGVmZjRjNGFhZWMzZGVmYmRhZTc5ZjqAAn1xAVgKAAAAdGVzdGNvb2tpZXECWAYAAAB3b3JrZWRxA3Mu', '2014-06-02 09:21:52'), ('s88bwp4yk62ywedbkftjwtg6885c1ui9', 'YTcxZjZhYzRiNzk1ZGJiZmM2OGVmZjRjNGFhZWMzZGVmYmRhZTc5ZjqAAn1xAVgKAAAAdGVzdGNvb2tpZXECWAYAAAB3b3JrZWRxA3Mu', '2014-04-21 08:26:15'), ('sb2oj0fif0osvt6xqp1dffjmkser87da', 'YmI1MTcyM2Y2ZmI5ZjFiNTQyOWU2N2E2M2I0N2FkMjE5NjMzM2ZkZDqAAn1xAShVEl9hdXRoX3VzZXJfYmFja2VuZHECVSlkamFuZ28uY29udHJpYi5hdXRoLmJhY2tlbmRzLk1vZGVsQmFja2VuZHEDVQ1fYXV0aF91c2VyX2lkcQSKAQF1Lg==', '2013-12-21 07:01:57'), ('sbh55yb5p3uwyw8azo5no9660cctpl1i', 'YTcxZjZhYzRiNzk1ZGJiZmM2OGVmZjRjNGFhZWMzZGVmYmRhZTc5ZjqAAn1xAVgKAAAAdGVzdGNvb2tpZXECWAYAAAB3b3JrZWRxA3Mu', '2014-04-21 08:26:19'), ('sffsi3ctkfx8lmcjf8087otpsba2pl53', 'YTcxZjZhYzRiNzk1ZGJiZmM2OGVmZjRjNGFhZWMzZGVmYmRhZTc5ZjqAAn1xAVgKAAAAdGVzdGNvb2tpZXECWAYAAAB3b3JrZWRxA3Mu', '2014-02-16 06:03:35'), ('sul7vp8d1spppf0sze80mivi3ss2jsgh', 'YmI1MTcyM2Y2ZmI5ZjFiNTQyOWU2N2E2M2I0N2FkMjE5NjMzM2ZkZDqAAn1xAShVEl9hdXRoX3VzZXJfYmFja2VuZHECVSlkamFuZ28uY29udHJpYi5hdXRoLmJhY2tlbmRzLk1vZGVsQmFja2VuZHEDVQ1fYXV0aF91c2VyX2lkcQSKAQF1Lg==', '2014-04-15 09:56:45'), ('sx58uvh757usztfq1ntvliazrlny5k7j', 'YTcxZjZhYzRiNzk1ZGJiZmM2OGVmZjRjNGFhZWMzZGVmYmRhZTc5ZjqAAn1xAVgKAAAAdGVzdGNvb2tpZXECWAYAAAB3b3JrZWRxA3Mu', '2014-04-21 08:26:59'), ('tkmmu73cglhha24d03avavvq30py5fk0', 'YmI1MTcyM2Y2ZmI5ZjFiNTQyOWU2N2E2M2I0N2FkMjE5NjMzM2ZkZDqAAn1xAShVEl9hdXRoX3VzZXJfYmFja2VuZHECVSlkamFuZ28uY29udHJpYi5hdXRoLmJhY2tlbmRzLk1vZGVsQmFja2VuZHEDVQ1fYXV0aF91c2VyX2lkcQSKAQF1Lg==', '2014-01-04 10:59:07'), ('u3su18wp0y6fvrl4srxkrxjaduytys2r', 'YTcxZjZhYzRiNzk1ZGJiZmM2OGVmZjRjNGFhZWMzZGVmYmRhZTc5ZjqAAn1xAVgKAAAAdGVzdGNvb2tpZXECWAYAAAB3b3JrZWRxA3Mu', '2014-05-30 12:01:28'), ('u6sxy8c7ffhyegn5akr9xoz1rzaocd82', 'YTcxZjZhYzRiNzk1ZGJiZmM2OGVmZjRjNGFhZWMzZGVmYmRhZTc5ZjqAAn1xAVgKAAAAdGVzdGNvb2tpZXECWAYAAAB3b3JrZWRxA3Mu', '2014-05-29 20:30:04'), ('uirktygspvv1qmlwtlbspempc0eqf4y5', 'YTcxZjZhYzRiNzk1ZGJiZmM2OGVmZjRjNGFhZWMzZGVmYmRhZTc5ZjqAAn1xAVgKAAAAdGVzdGNvb2tpZXECWAYAAAB3b3JrZWRxA3Mu', '2014-02-21 16:36:37'), ('v477vdq6mbpt5cy77p6nzsnrbtzptwdo', 'YTcxZjZhYzRiNzk1ZGJiZmM2OGVmZjRjNGFhZWMzZGVmYmRhZTc5ZjqAAn1xAVgKAAAAdGVzdGNvb2tpZXECWAYAAAB3b3JrZWRxA3Mu', '2014-04-18 10:36:06'), ('v5az50td4wmmf47s0xbziunaki6c6o47', 'YTcxZjZhYzRiNzk1ZGJiZmM2OGVmZjRjNGFhZWMzZGVmYmRhZTc5ZjqAAn1xAVgKAAAAdGVzdGNvb2tpZXECWAYAAAB3b3JrZWRxA3Mu', '2014-04-21 08:25:37'), ('v7jdw1qwfbmjk1vgi4te8zfth2275z0a', 'YTcxZjZhYzRiNzk1ZGJiZmM2OGVmZjRjNGFhZWMzZGVmYmRhZTc5ZjqAAn1xAVgKAAAAdGVzdGNvb2tpZXECWAYAAAB3b3JrZWRxA3Mu', '2014-02-20 12:46:09'), ('vsin0qsb77et2rf3664a2kk2xveberaj', 'YTcxZjZhYzRiNzk1ZGJiZmM2OGVmZjRjNGFhZWMzZGVmYmRhZTc5ZjqAAn1xAVgKAAAAdGVzdGNvb2tpZXECWAYAAAB3b3JrZWRxA3Mu', '2014-05-23 04:04:16'), ('w8z1iyom8feoak2mnqkj4kerm2iztfnp', 'YTcxZjZhYzRiNzk1ZGJiZmM2OGVmZjRjNGFhZWMzZGVmYmRhZTc5ZjqAAn1xAVgKAAAAdGVzdGNvb2tpZXECWAYAAAB3b3JrZWRxA3Mu', '2014-04-21 08:25:38'), ('wg866a3g0pqm0br48wkn70ox130c1vfx', 'YTcxZjZhYzRiNzk1ZGJiZmM2OGVmZjRjNGFhZWMzZGVmYmRhZTc5ZjqAAn1xAVgKAAAAdGVzdGNvb2tpZXECWAYAAAB3b3JrZWRxA3Mu', '2014-06-02 09:20:25'), ('wo64meuut7zjoythd20a0i3gmbhnv637', 'YTcxZjZhYzRiNzk1ZGJiZmM2OGVmZjRjNGFhZWMzZGVmYmRhZTc5ZjqAAn1xAVgKAAAAdGVzdGNvb2tpZXECWAYAAAB3b3JrZWRxA3Mu', '2014-05-29 18:59:05'), ('wyp1sdfdvccic8mwuibtvmu5hnabrka0', 'YTcxZjZhYzRiNzk1ZGJiZmM2OGVmZjRjNGFhZWMzZGVmYmRhZTc5ZjqAAn1xAVgKAAAAdGVzdGNvb2tpZXECWAYAAAB3b3JrZWRxA3Mu', '2014-01-28 19:11:08'), ('wz1g6hw4lo6bbxeiz1qs5g9sulfd7iu6', 'YTcxZjZhYzRiNzk1ZGJiZmM2OGVmZjRjNGFhZWMzZGVmYmRhZTc5ZjqAAn1xAVgKAAAAdGVzdGNvb2tpZXECWAYAAAB3b3JrZWRxA3Mu', '2014-02-23 21:55:55'), ('xy5kpl2pahnrul7yhl0u1kba7ge61f7n', 'YTcxZjZhYzRiNzk1ZGJiZmM2OGVmZjRjNGFhZWMzZGVmYmRhZTc5ZjqAAn1xAVgKAAAAdGVzdGNvb2tpZXECWAYAAAB3b3JrZWRxA3Mu', '2014-04-21 08:26:53'), ('ybfh8q58nh08b8nehjkjr20vlpj6bxqm', 'NTNhZjdiZWE5ODAzZDFkMzhjYjQ2OThhZjA4OGYzMGQxYjJiOTIwOTqAAn1xAShVEl9hdXRoX3VzZXJfYmFja2VuZHECVSlkamFuZ28uY29udHJpYi5hdXRoLmJhY2tlbmRzLk1vZGVsQmFja2VuZHEDVQ1fYXV0aF91c2VyX2lkcQSKAQJ1Lg==', '2014-02-22 06:48:01'), ('yi5roujmeua62rnwswvlsve3rmh5obei', 'YmI1MTcyM2Y2ZmI5ZjFiNTQyOWU2N2E2M2I0N2FkMjE5NjMzM2ZkZDqAAn1xAShVEl9hdXRoX3VzZXJfYmFja2VuZHECVSlkamFuZ28uY29udHJpYi5hdXRoLmJhY2tlbmRzLk1vZGVsQmFja2VuZHEDVQ1fYXV0aF91c2VyX2lkcQSKAQF1Lg==', '2014-01-06 14:38:31'), ('ym8nlfmze6fnpl20ug4jfanvapmrtbtv', 'YTcxZjZhYzRiNzk1ZGJiZmM2OGVmZjRjNGFhZWMzZGVmYmRhZTc5ZjqAAn1xAVgKAAAAdGVzdGNvb2tpZXECWAYAAAB3b3JrZWRxA3Mu', '2014-05-23 04:04:16'), ('yxcfewqqtkwmfpqemylk2ca3fgzog1lz', 'YTcxZjZhYzRiNzk1ZGJiZmM2OGVmZjRjNGFhZWMzZGVmYmRhZTc5ZjqAAn1xAVgKAAAAdGVzdGNvb2tpZXECWAYAAAB3b3JrZWRxA3Mu', '2014-04-21 08:26:17'), ('zip5ff3wwm6n6s5g9xeup1e3f6l8ofwk', 'NTNhZjdiZWE5ODAzZDFkMzhjYjQ2OThhZjA4OGYzMGQxYjJiOTIwOTqAAn1xAShVEl9hdXRoX3VzZXJfYmFja2VuZHECVSlkamFuZ28uY29udHJpYi5hdXRoLmJhY2tlbmRzLk1vZGVsQmFja2VuZHEDVQ1fYXV0aF91c2VyX2lkcQSKAQJ1Lg==', '2014-01-11 15:22:02'), ('zwsm4kaoulgkd230rb3r093ko8esd5kf', 'YTcxZjZhYzRiNzk1ZGJiZmM2OGVmZjRjNGFhZWMzZGVmYmRhZTc5ZjqAAn1xAVgKAAAAdGVzdGNvb2tpZXECWAYAAAB3b3JrZWRxA3Mu', '2014-02-15 10:21:43');
COMMIT;

-- ----------------------------
--  Table structure for `flatblocks_flatblock`
-- ----------------------------
DROP TABLE IF EXISTS `flatblocks_flatblock`;
CREATE TABLE `flatblocks_flatblock` (
  `id` int(11) NOT NULL AUTO_INCREMENT,
  `slug` varchar(255) NOT NULL,
  `header` varchar(255) DEFAULT NULL,
  `content` longtext,
  PRIMARY KEY (`id`),
  UNIQUE KEY `slug` (`slug`)
) ENGINE=InnoDB AUTO_INCREMENT=6 DEFAULT CHARSET=utf8 ROW_FORMAT=COMPACT;

-- ----------------------------
--  Records of `flatblocks_flatblock`
-- ----------------------------
BEGIN;
INSERT INTO `flatblocks_flatblock` VALUES ('1', 'main_seo_1', '', '<p>Поисковая оптимизация и продвижение сайта (SEO &ndash; это комплексная услуга по увеличению посещаемости сайта целевыми клиентами из поисковых систем. Этот инструмент привлечения покупателей по эффективности  превосходит такие методы рекламы, как печатная, телевизионная или реклама на радио, так как обеспечивает максимально точное попадание в целевую аудиторию и имеет наименьшую стоимость контакта с потенциальным клиентом.</p>\r\n\r\n'), ('2', 'main_seo_2', '', 'Одним из важнейшим фактором эффективного продвижения сайта, увеличение продаж и клиентов, является грамотный анализ поведения посетителей на сайте. Для этого существует ряд полезных сервисов. Данные инструменты  предназначены для оценки посещаемости сайта, анализа поведения посетителей и эффективности рекламных кампаний. Возможность узнать от куда к Вам на сайт пришел посетитель, пришел он с поисковой системе или с другого источника.'), ('3', 'main_seo_3', '', 'Вы решили продвигать свои товары или услуги через сайт, нужно подготовить сайт к потоку посетителей. Для этого поможет аудит (анализ) сайта.\r\nАудит сайта нужно проводить для разных направлений. Прежде всего, нужно провести маркетинговый аудит сайта, чтобы всесторонне проанализировать продукт клиента и его окружение в Интернете. Поисковый аудит сайта покажет какие страницы проиндексировались поисковиками. Далее нужно провести аудит юзабилити сайта, который позволит увеличить конверсию посетителей в покупателей.'), ('4', 'main_seo_4', '', 'Контекстная реклама показывается Вашим потенциальным клиентам. Они обязательно увидят ее, потому что разместить контекстную рекламу можно на выгодных позициях. С помощью контекстной рекламы в интернете Вы получите клиентов сразу как только начнет работать Ваш сайт.\r\nОна позволяет размещать информацию о товарах или услугах в поисковых системах и на тысячах сайтов. Причем реклама видна только тем пользователям, которые уже искали информацию о подобной продукции. '), ('5', 'top_text', '', 'Создайте сайт который будет работать семь дней в неделю и принесет Вам прибыль.');
COMMIT;

-- ----------------------------
--  Table structure for `grammars_gram`
-- ----------------------------
DROP TABLE IF EXISTS `grammars_gram`;
CREATE TABLE `grammars_gram` (
  `id` int(11) NOT NULL AUTO_INCREMENT,
  `name` varchar(255) NOT NULL,
  `date` datetime NOT NULL,
  `alt` varchar(255) NOT NULL,
  `image` varchar(100) NOT NULL,
  PRIMARY KEY (`id`)
) ENGINE=InnoDB AUTO_INCREMENT=5 DEFAULT CHARSET=utf8 ROW_FORMAT=COMPACT;

-- ----------------------------
--  Records of `grammars_gram`
-- ----------------------------
BEGIN;
INSERT INTO `grammars_gram` VALUES ('1', 'Свои дети', '2013-12-31 03:41:49', 'грамота для Forward', 'gram/mather_1_mini.jpg'), ('2', 'Рука помощи', '2013-12-31 04:22:35', 'Создание сайтов Forward Отзывы', 'gram/handofhelp_1_mini.jpg'), ('3', 'Молескин', '2013-12-31 04:23:28', 'Благодарность Forward создание сайтов Отзывы', 'gram/moleskine_1_mini.jpg'), ('4', 'Молескин', '2013-12-31 04:26:09', 'отзыв Молескин Forward создание и продвижение сайтов', 'gram/moleskine2_1_mini.jpg');
COMMIT;

-- ----------------------------
--  Table structure for `portfolio_imagefolio`
-- ----------------------------
DROP TABLE IF EXISTS `portfolio_imagefolio`;
CREATE TABLE `portfolio_imagefolio` (
  `id` int(11) NOT NULL AUTO_INCREMENT,
  `title` varchar(100) COLLATE utf8_unicode_ci NOT NULL,
  `album_id` int(11) NOT NULL,
  `img` varchar(100) COLLATE utf8_unicode_ci NOT NULL,
  PRIMARY KEY (`id`),
  KEY `portfolio_imagefolio_6781e42a` (`album_id`),
  CONSTRAINT `album_id_refs_id_e70eb479` FOREIGN KEY (`album_id`) REFERENCES `portfolio_portfolio` (`id`)
) ENGINE=InnoDB AUTO_INCREMENT=111 DEFAULT CHARSET=utf8 COLLATE=utf8_unicode_ci ROW_FORMAT=COMPACT;

-- ----------------------------
--  Records of `portfolio_imagefolio`
-- ----------------------------
BEGIN;
INSERT INTO `portfolio_imagefolio` VALUES ('1', 'newtopbet1', '3', 'portfolio/newtopbet1.png'), ('2', 'newtopbet2', '3', 'portfolio/newtopbet2.png'), ('3', 'newtopbet3', '3', 'portfolio/newtopbet3.png'), ('4', 'samson1', '2', 'portfolio/samson1.png'), ('5', 'samson2', '2', 'portfolio/samson2.png'), ('6', 'samson3', '2', 'portfolio/samson3.png'), ('7', 'lara1', '1', 'portfolio/lara1.png'), ('8', 'lara2', '1', 'portfolio/lara2.png'), ('9', 'lara3', '1', 'portfolio/lara3.png'), ('10', 'bobr2', '4', 'portfolio/bobr2_mini.jpg'), ('11', 'bobr3', '4', 'portfolio/bobr3_mini.jpg'), ('12', 'bobr', '4', 'portfolio/bobr_mini_1.jpg'), ('13', 'clubcoty3', '5', 'portfolio/clubcoty4.jpg'), ('14', 'clubcoty2', '5', 'portfolio/clubcoty3.jpg'), ('15', 'clubcoty', '5', 'portfolio/clubcoty1_1.jpg'), ('16', 'morebag3', '6', 'portfolio/morebag3.jpg'), ('17', 'morebag2', '6', 'portfolio/morebag2.jpg'), ('18', 'morebag', '6', 'portfolio/morebag_1.jpg'), ('19', 'auto', '7', 'portfolio/auto3.jpg'), ('20', 'auto2', '7', 'portfolio/auto.jpg'), ('21', 'auto3', '7', 'portfolio/auto2.jpg'), ('22', 'smile-lion3', '8', 'portfolio/smile2.jpg'), ('23', 'smile-lion2', '8', 'portfolio/smile3.jpg'), ('24', 'smile-lion', '8', 'portfolio/smile_1.jpg'), ('25', 'brend3', '9', 'portfolio/bernd4.jpg'), ('26', 'brend2', '9', 'portfolio/bernd3.jpg'), ('27', 'brend1', '9', 'portfolio/bernd2.jpg'), ('28', 'brend', '9', 'portfolio/bernd_1.jpg'), ('29', 'surguttur', '10', 'portfolio/surgut3_3.jpg'), ('30', 'surguttur2', '10', 'portfolio/surgut2.jpg'), ('31', 'surguttur3', '10', 'portfolio/surgut4.jpg'), ('33', 'surguttur4', '10', 'portfolio/surgut_2.jpg'), ('34', 'telephonk', '11', 'portfolio/telephonk_1.jpg'), ('35', 'telephonk2', '11', 'portfolio/telephonk2.jpg'), ('36', 'telephonk3', '11', 'portfolio/telephonk3.jpg'), ('37', 'drim-stroy', '12', 'portfolio/drum_stroy_1.jpg'), ('38', 'drim-stroy2', '12', 'portfolio/drum_stroy3.jpg'), ('39', 'drim-stroy3', '12', 'portfolio/drum_stroy2.jpg'), ('40', 'drim-stroy4', '12', 'portfolio/drum_stroy4.jpg'), ('41', 'proslavlenie', '13', 'portfolio/proslavlenie_1.jpg'), ('42', 'proslavlenie2', '13', 'portfolio/proslavlenie3.jpg'), ('43', 'proslavlenie3', '13', 'portfolio/proslavlenie4.jpg'), ('44', 'proslavlenie4', '13', 'portfolio/proslavlenie5.jpg'), ('45', 'proslavlenie5', '13', 'portfolio/proslavlenie2.jpg'), ('46', 'proslavlenie6', '13', 'portfolio/proslavlenie6.jpg'), ('47', 'dicovino', '14', 'portfolio/dicovino_1.jpg'), ('48', 'dicovino2', '14', 'portfolio/dicovino2.jpg'), ('49', 'dicovino3', '14', 'portfolio/dicovino3.jpg'), ('50', 'dicovino4', '14', 'portfolio/dicovino4.jpg'), ('51', 'dicovino5', '14', 'portfolio/dicovino5.jpg'), ('52', 'dicovino6', '14', 'portfolio/dicovino6.jpg'), ('53', 'dentari', '15', 'portfolio/dentari_1.jpg'), ('54', 'dentari2', '15', 'portfolio/dentari2.jpg'), ('55', 'dentari3', '15', 'portfolio/dentari3.jpg'), ('56', 'iavis', '16', 'portfolio/iavis_1.jpg'), ('57', 'iavis2', '16', 'portfolio/iavis3.jpg'), ('58', 'iavis3', '16', 'portfolio/iavis2.jpg'), ('59', 'seversk', '17', 'portfolio/seversk_1.jpg'), ('60', 'seversk2', '17', 'portfolio/seversk2.jpg'), ('61', 'seversk3', '17', 'portfolio/seversk3.jpg'), ('62', 'victoriabellova', '18', 'portfolio/belova_1.jpg'), ('63', 'victoriabellova2', '18', 'portfolio/belova2.jpg'), ('64', 'victoriabellova', '18', 'portfolio/belova3.jpg'), ('65', 'alexwed', '19', 'portfolio/alexwed4_1.jpg'), ('66', 'alexwed2', '19', 'portfolio/alexwed.jpg'), ('67', 'alexwed3', '19', 'portfolio/alexwed2.jpg'), ('68', 'alexwed4', '19', 'portfolio/alexwed3.jpg'), ('69', 'art-craft', '20', 'portfolio/art-craft_1.jpg'), ('70', 'art-craft2', '20', 'portfolio/art-craft2.jpg'), ('71', 'art-craft3', '20', 'portfolio/art-craft3.jpg'), ('72', 'bodyday', '21', 'portfolio/bodyday_1.jpg'), ('73', 'bodyday2', '21', 'portfolio/bodyday2.jpg'), ('74', 'bodyday3', '21', 'portfolio/bodyday3.jpg'), ('75', 'bodyday4', '21', 'portfolio/bodyday5.jpg'), ('76', 'bonafidebroker', '22', 'portfolio/bonafidebroker_1.jpg'), ('77', 'bonafidebroker2', '22', 'portfolio/bonafidebroker2.jpg'), ('78', 'bonafidebroker3', '22', 'portfolio/bonafidebroker5.jpg'), ('79', 'bonafidebroker4', '22', 'portfolio/bonafidebroker4.jpg'), ('80', 'bonafidebroker5', '22', 'portfolio/bonafidebroker3.jpg'), ('81', 'repetitor', '23', 'portfolio/repetitor_1.jpg'), ('82', 'repetitor2', '23', 'portfolio/repetitor2.jpg'), ('83', 'repetitor3', '23', 'portfolio/repetitor3.jpg'), ('84', 'perevozki', '24', 'portfolio/perevozki2_1.jpg'), ('85', 'perevozki2', '24', 'portfolio/perevozki.jpg'), ('86', 'perevozki3', '24', 'portfolio/perevozki3.jpg'), ('87', 'agentuslug', '25', 'portfolio/agentuslug_1.jpg'), ('88', 'agentuslug2', '25', 'portfolio/agentuslug2.jpg'), ('89', 'benzin', '26', 'portfolio/benzin_1.jpg'), ('90', 'benzin2', '26', 'portfolio/benzin2.jpg'), ('91', 'benzin3', '26', 'portfolio/benzin3.jpg'), ('92', 'izumoff', '27', 'portfolio/izumoff_1.jpg'), ('93', 'izumoff2', '27', 'portfolio/izumoff2.jpg'), ('94', 'izumoff3', '27', 'portfolio/izumoff3.jpg'), ('95', 'pozitiv-stroy', '28', 'portfolio/pozitiv-stroy_1.jpg'), ('96', 'pozitiv-stroy2', '28', 'portfolio/pozitiv-stroy2.jpg'), ('97', 'pozitiv-stroy3', '28', 'portfolio/pozitiv-stroy3.jpg'), ('98', 'avtorremonta', '29', 'portfolio/avtorremonta_1.jpg'), ('99', 'avtorremonta2', '29', 'portfolio/avtorremonta2.jpg'), ('100', 'avtorremonta3', '29', 'portfolio/avtorremonta3.jpg'), ('101', 'ak-1', '30', 'portfolio/ak-1_1.jpg'), ('102', 'ak-12', '30', 'portfolio/ak-12.jpg'), ('103', 'ak-13', '30', 'portfolio/ak-13.jpg'), ('104', 'ak-14', '30', 'portfolio/ak-14.jpg'), ('105', 'horomamama', '31', 'portfolio/horomamama2_1.jpg'), ('106', 'horomamama2', '31', 'portfolio/horomamama.jpg'), ('107', 'horomamama3', '31', 'portfolio/horomamama3.jpg'), ('108', 'autoklassika', '32', 'portfolio/autoklassika_1.jpg'), ('109', 'autoklassika2', '32', 'portfolio/autoklassika2.jpg'), ('110', 'autoklassika3', '32', 'portfolio/autoklassika3.jpg');
COMMIT;

-- ----------------------------
--  Table structure for `portfolio_portfolio`
-- ----------------------------
DROP TABLE IF EXISTS `portfolio_portfolio`;
CREATE TABLE `portfolio_portfolio` (
  `id` int(11) NOT NULL AUTO_INCREMENT,
  `name` varchar(255) NOT NULL,
  `company` varchar(255) NOT NULL,
  `date` datetime NOT NULL,
  `image` varchar(100) NOT NULL,
  `text` longtext NOT NULL,
  `main_choice` varchar(7) NOT NULL,
  `slug` varchar(50) NOT NULL,
  PRIMARY KEY (`id`),
  KEY `portfolio_portfolio_f52cfca0` (`slug`)
) ENGINE=InnoDB AUTO_INCREMENT=33 DEFAULT CHARSET=utf8 ROW_FORMAT=COMPACT;

-- ----------------------------
--  Records of `portfolio_portfolio`
-- ----------------------------
BEGIN;
INSERT INTO `portfolio_portfolio` VALUES ('1', 'lara-mikhalieva (информационный портал)', 'Школа достижения цели (информационный портал)', '2013-12-28 07:29:25', 'portfolio/lara_mini.jpg', '<p>Краткое описание: Корпоративный сайт разработан для психологического портала</p>\r\n\r\n<p>Система управления CMS: DRUPAL</p>\r\n\r\n<p>Используемые технологии: Html, Css</p>\r\n\r\n<p><noindex><a href=\"http://lara-mikhaleva.ru/\" rel=\"nofollow\" target=\"_blank\">lara-mikhaleva.ru</a></noindex></p>\r\n', 'main', 'lara'), ('2', ' \"Самсон\" (корпоративный сайт)', 'Натяжные потолки \"Самсон\" (корпоративный сайт)', '2013-12-28 07:33:08', 'portfolio/samson_mini.jpg', '<p>Краткое описание: Корпоративный сайт разработан для строительной компании</p>\r\n\r\n<p>Система управления CMS: DRUPAL</p>\r\n\r\n<p>Используемые технологии: Html, Css, адаптивная верстка</p>\r\n\r\n<p><noindex><a href=\"http://potoloksamson.ru/\" rel=\"nofollow\" target=\"_blank\">potoloksamson.ru</a></noindex></p>\r\n', 'main', 'samson'), ('3', 'NewTopBet', 'Спортивные ставки (коммерческий портал)', '2013-12-28 08:19:00', 'portfolio/newtopbet_mini_1.jpg', '<p>Корпоративный сайт разработан для аналитической&nbsp;компании предоставляющей услуги в сфере спортивных ставок. Включает в себя систему оплаты, динамический календарь игр, личный кабинет пользователя и эксперта, построение графиков успешности эксперта</p>\r\n\r\n<p>Система управления: Django</p>\r\n\r\n<p>Используемые технологии: Html, Css, Python</p>\r\n\r\n<p><noindex><a href=\"http://newtopbet.ru/\" rel=\"nofollow\" target=\"_blank\">newtopbet.ru</a></noindex></p>\r\n', 'main', 'newtopbet'), ('4', 'Доктор-бобер (интернет магазин)', 'Доктор-бобер (интернет магазин)', '2014-02-10 05:31:44', 'portfolio/bobr_mini.jpg', '<p>Интернет магазин &nbsp;разработан для продажи товара связанных с тематикой - здоровье</p>\r\n\r\n<p>Система управления CMS: DRUPAL</p>\r\n\r\n<p>Используемые технологии: Html, Css, Php</p>\r\n\r\n<p><noindex><a href=\"http://xn----btbaji0a1abcrfq.xn--p1ai/\" rel=\"nofollow\" target=\"_blank\">доктор-бобер.рф</a></noindex></p>\r\n', 'notmain', 'bobr'), ('5', 'CLUBCOTY (корпоративный сайт)', 'Clubcoty (корпоративный сайт)', '2014-02-10 07:14:41', 'portfolio/clubcoty1.jpg', '<p>Корпоративный сайт разработан для студии красоты в г. Москва&nbsp;</p>\r\n\r\n<p>Система&nbsp;управления CMS: DRUPAL</p>\r\n\r\n<p>Используемые технологии: Html, Css, Php</p>\r\n\r\n<p><noindex><a href=\"http://clubcoty.ru/\" rel=\"nofollow\" target=\"_blank\">clubcoty.ru</a></noindex></p>\r\n', 'notmain', 'clubcoty'), ('6', 'MoreBag (интернет магазин)', 'MoreBag (интернет магазин)', '2014-02-10 07:43:21', 'portfolio/morebag.jpg', '<p>Интернет магазин разработан для продажи кожгалантереи г. Москва&nbsp;</p>\r\n\r\n<p>Система&nbsp;управления CMS: DRUPAL</p>\r\n\r\n<p>Используемые технологии: Html, Css, Php</p>\r\n\r\n<p><noindex><a href=\"http://morebag.ru/\" rel=\"nofollow\" target=\"_blank\">morebag.ru</a></noindex></p>\r\n', 'notmain', 'morebag'), ('7', 'ТемаАвто (корпоративный сайт)', 'ТемаАвто (корпоративный сайт)', '2014-02-10 19:32:37', 'portfolio/auto3.png', '<p>Корпоративный сайт разработан для студии красоты в г. Москва&nbsp;</p>\r\n\r\n<p>Система&nbsp;управления CMS: DRUPAL</p>\r\n\r\n<p>Используемые технологии: Html, Css, Php</p>\r\n\r\n<p><noindex><a href=\"http://temaauto.ru/\" rel=\"nofollow\" target=\"_blank\">temaauto.ru</a></noindex></p>', 'notmain', 'temaauto'), ('8', 'Натяжные потолки \"Smile-Lion\" (корпоративный сайт )', 'Натяжные потолки \"Smile-Lion\" (корпоративный сайт )', '2014-02-10 19:51:26', 'portfolio/smile.jpg', '<p>Корпоративный сайт разработан для строительной компании&nbsp;г. Томск, настроин автоматический расчет натяжного поталка&nbsp;</p>\r\n\r\n<p>Система&nbsp;управления CMS: DRUPAL</p>\r\n\r\n<p>Используемые технологии: Html, Css, Php</p>\r\n\r\n<p><noindex><a href=\"http://smile-lion.ru/\" rel=\"nofollow\" target=\"_blank\">smile-lion.ru</a></noindex></p>\r\n', 'notmain', 'smile-lion'), ('9', 'Меховые бренды (интернет магазин)', 'Меховые бренды (интернет магазин)', '2014-02-10 20:19:24', 'portfolio/bernd.jpg', '<p>Интернет магазин разработан для продажи меховых изделий г. Москва&nbsp;</p>\r\n\r\n<p>Система&nbsp;управления CMS: DRUPAL</p>\r\n\r\n<p>Используемые технологии: Html, Css, Php</p>\r\n\r\n<p><noindex><a href=\"http://xn----btbbkbbc4cpe0a8c9dh.xn--p1ai/\" rel=\"nofollow\" target=\"_blank\">меховые-бренды.рф</a></noindex></p>\r\n', 'notmain', 'brend'), ('10', 'SurgutTur (корпоративный сайт)', 'SurgutTur (корпоративный сайт)', '2014-02-10 21:04:19', 'portfolio/surgut3.jpg', '<p>Корпоративный сайт разработан для туристической компании г. Сургут&nbsp;</p>\r\n\r\n<p>разработана форма подачи заявки</p>\r\n\r\n<p>Система&nbsp;управления CMS: DRUPAL</p>\r\n\r\n<p>Используемые технологии: Html, Css, Php</p>\r\n\r\n<p><noindex><a href=\"http://surguttur.ru/\" rel=\"nofollow\" target=\"_blank\">surguttur.ru</a></noindex></p>\r\n', 'notmain', 'surguttur'), ('11', 'Telephonk (интернет магазин)', 'Telephonk (интернет магазин)', '2014-02-10 21:24:55', 'portfolio/telephonk.jpg', '<p>Интернет магазин разработан для продажи продукции APPLE и SAMSUNG   г. Москва&nbsp;</p>\r\n\r\n<p>Система&nbsp;управления CMS: DRUPAL</p>\r\n\r\n<p>Используемые технологии: Html, Css, Php</p>\r\n\r\n<p><noindex><a href=\"http://telephonk.com/\" rel=\"nofollow\" target=\"_blank\">telephonk.com</a></noindex></p>\r\n', 'notmain', 'telephonk'), ('12', 'Дрим-строй (корпоративный сайт)', 'Дрим-строй (корпоративный сайт)', '2014-02-10 21:50:52', 'portfolio/drum_stroy.jpg', '<p>Корпоративный сайт разработан для строительной компании г. Северск&nbsp;</p>\r\n\r\n<p>Система&nbsp;управления CMS: DRUPAL</p>\r\n\r\n<p>Используемые технологии: Html, Css, Php</p>\r\n\r\n<p><noindex><a href=\"http://xn----gtbmfnnkdik.xn--p1ai/\" rel=\"nofollow\" target=\"_blank\">дрим-строй.рф</a></noindex></p>\r\n', 'notmain', 'drim-stroy'), ('13', 'Церковь Прославления', 'Церковь Прославления (информационный портал)', '2014-02-11 08:11:22', 'portfolio/proslavlenie.jpg', '<p>Информационный портал разработан для Местной религиозной организации церкви христиан веры евангельской (пятидесятников) &quot;Церковь Прославления&quot; г.Томска&nbsp;</p>\r\n\r\n<p>Система&nbsp;управления CMS: JOOMLA</p>\r\n\r\n<p>Используемые технологии: Html, Css, Php, адаптивная верстка</p>\r\n\r\n<p><noindex><a href=\"http://proslavlenie.ru\" rel=\"nofollow\" target=\"_blank\">proslavlenie.ru</a></noindex></p>\r\n', 'notmain', 'proslavlenie'), ('14', 'Dicovino (интернет магазин)', 'Dicovino (интернет магазин)', '2014-02-11 09:01:22', 'portfolio/dicovino.jpg', '<p>Интернет магазин разработан для продажи декоративной мозаики г.Томска&nbsp;</p>\r\n\r\n<p>Система&nbsp;управления CMS: JOOMLA</p>\r\n\r\n<p>Используемые технологии: Html, Css, Php, адаптивная верстка</p>\r\n\r\n<p><noindex><a href=\"http://dicovino.ru/\" rel=\"nofollow\" target=\"_blank\">dicovino.ru</a></noindex></p>\r\n', 'notmain', 'dicovino'), ('15', 'Клиника Dentari (корпоративный сайт)', 'Клиника Dentari (корпоративный сайт)', '2014-02-11 14:52:09', 'portfolio/dentari.jpg', '<p>Корпоративный сайт разработан для студии красоты в г. Москва&nbsp;</p>\r\n\r\n<p>Система&nbsp;управления CMS: DRUPAL</p>\r\n\r\n<p>Используемые технологии: Html, Css, Php</p>\r\n\r\n<p><noindex><a href=\"http://dentari.ru/\" rel=\"nofollow\" target=\"_blank\">dentari.ru</a></noindex></p>\r\n', 'notmain', 'dentari'), ('16', 'Иавис ', 'Иавис (сайт визитка)', '2014-02-11 14:48:27', 'portfolio/iavis.jpg', '<p>Сайт визитка разработан для компании по производству корпусной мебели в г. Томск&nbsp;</p>\r\n\r\n<p>Система&nbsp;управления CMS: JOOMLA</p>\r\n\r\n<p>Используемые технологии: Html, Css, Php, адаптивная верстка</p>\r\n\r\n<p><noindex><a href=\"http://iavis.tomsk.ru/\" rel=\"nofollow\" target=\"_blank\">iavis.tomsk.ru</a></noindex></p>\r\n', 'notmain', 'iavis'), ('17', 'Церковь Прославления г.Северск', 'Церковь Прославления г.Северск (корпоративный сайт)', '2014-02-11 15:00:02', 'portfolio/seversk.jpg', '<p>Корпоративный сайт разработан для Местной религиозной организации церкви христиан веры евангельской (пятидесятников) \"Церковь Прославления\" г.Северск </p>\r\n\r\n<p>Система&nbsp;управления CMS: DRUPAL</p>\r\n\r\n<p>Используемые технологии: Html, Css, Php, адаптивная верстка</p>\r\n\r\n<p><noindex><a href=\"http://seversk-church.ru/\" rel=\"nofollow\" target=\"_blank\">seversk-church.ru</a></noindex></p>\r\n', 'notmain', 'seversk'), ('18', 'Виктория Белова (сайт портфолио)', 'Виктория Белова (сайт портфолио)', '2013-12-04 15:19:12', 'portfolio/belova.jpg', '<p>Создание сайта портфолио для певицы, актрисы Виктории Беловой г. Москва&nbsp;</p>\r\n\r\n<p>Система&nbsp;управления CMS: DRUPAL</p>\r\n\r\n<p>Используемые технологии: Html, Css, Php</p>\r\n\r\n<p><noindex><a href=\"http://victoriabellova.com/\" rel=\"nofollow\" target=\"_blank\">victoriabellova.com</a></noindex></p>\r\n', 'notmain', 'victoriabellova'), ('19', 'Александр Овчаренко', 'Фотограф Александр Овчаренко (сайт портфолио)', '2014-01-01 15:39:19', 'portfolio/alexwed4.jpg', '<p>Изготовление сайта портфолио для свадебного фотографа г.Томск</p>\r\n\r\n<p>Система&nbsp;управления CMS: DRUPAL</p>\r\n\r\n<p>Используемые технологии: Html, Css, Php</p>\r\n\r\n<p><noindex><a href=\"http://alexwed.ru/\" rel=\"nofollow\" target=\"_blank\">alexwed.ru</a></noindex></p>\r\n', 'notmain', 'alexwed'), ('20', 'Art -craft (корпоративный сайт)', 'Art -craft (корпоративный сайт)', '2014-02-11 19:52:33', 'portfolio/art-craft.jpg', '<p>Корпоративный сайт разработан для строительной компании г. Томск</p>\r\n\r\n<p>Система&nbsp;управления CMS: JOOMLA</p>\r\n\r\n<p>Используемые технологии: Html, Css, Php, адаптивная верстка</p>\r\n\r\n<p><noindex><a href=\"http://art-craft.su/\" rel=\"nofollow\" target=\"_blank\">art-craft.su</a></noindex></p>\r\n', 'notmain', 'art-craft'), ('21', 'ВodyВay (сайт визитка)', 'ВodyВay (сайт визитка)', '2014-01-02 05:55:44', 'portfolio/bodyday.jpg', '<p>Сайт визитка разработан для мастера по массажу г. Москва</p>\r\n\r\n<p>Система управления: Django</p>\r\n\r\n<p>Используемые технологии: Html, Css, Python</p>\r\n\r\n<p><noindex><a href=\"http://bodyday.ru/\" rel=\"nofollow\" target=\"_blank\">bodyday.ru</a></noindex></p>\r\n', 'notmain', 'bodyday'), ('22', 'DonaFideBroker', 'DonaFideBroker (финансовый портал)', '2014-01-06 06:16:46', 'portfolio/bonafidebroker.jpg', '<p>Финансовый портал  разработан для инвестиционной компании,для сайта было разработано ряд особых модулей г. Москва&nbsp;</p>\r\n\r\n<p>Система&nbsp;управления CMS: DRUPAL</p>\r\n\r\n<p>Используемые технологии: Html, Css, Php</p>\r\n\r\n<p><noindex><a href=\"http://bonafidebroker.com/\" rel=\"nofollow\" target=\"_blank\">bonafidebroker.com</a></noindex></p>\r\n\r\n', 'notmain', 'bonafidebroker'), ('23', 'Repetitor ', 'Repetitor (портал для обучения)', '2014-02-12 07:03:43', 'portfolio/repetitor.jpg', '<p>Портал разработан для поиска и найма репетитора  г. Томск&nbsp;</p>\r\n\r\n<p>Система&nbsp;управления CMS: DRUPAL</p>\r\n\r\n<p>Используемые технологии: Html, Css, Php</p>\r\n\r\n<p><noindex><a href=\"http://repetitor70.ru/\" rel=\"nofollow\" target=\"_blank\">repetitor70.ru</a></noindex></p>\r\n', 'notmain', 'repetitor'), ('24', 'Грузоперевозки (сайт визитка)', 'Грузоперевозки (сайт визитка)', '2014-02-12 08:27:37', 'portfolio/perevozki2.jpg', '<p>Сайт визитка разработан для транспортной компании  г. Северск&nbsp;</p>\r\n\r\n<p>Система&nbsp;управления CMS: DRUPAL</p>\r\n\r\n<p>Используемые технологии: Html, Css, Php, адаптивная верстка </p>\r\n\r\n<p><noindex><a href=\"http://perevozki70.ru/\" rel=\"nofollow\" target=\"_blank\">perevozki70.ru</a></noindex></p>\r\n', 'notmain', 'perevozki'), ('25', 'Сайт визитка', 'Сайт визитка', '2014-02-12 08:47:39', 'portfolio/agentuslug.jpg', '<p>Сайт визитка разработан для клининговой компании г. Томск&nbsp;</p>\r\n\r\n<p>Система&nbsp;управления CMS: JOOMLA</p>\r\n\r\n<p>Используемые технологии: Html, Css, Php</p>\r\n\r\n<p><noindex><a href=\"http://agentuslug.ru/\" rel=\"nofollow\" target=\"_blank\">agentuslug.ru</a></noindex></p>\r\n', 'notmain', 'agentuslug'), ('26', 'Промо сайт', 'Промо сайт', '2014-02-12 08:59:21', 'portfolio/benzin.jpg', '<p>Промо сайт разработан для презентации MPG-Boost в г. Томск&nbsp;</p>\r\n\r\n<p>Система&nbsp;управления CMS: отсутствует</p>\r\n\r\n<p>Используемые технологии: Html, Css, Php, адаптивная верстка</p>\r\n\r\n<p><noindex><a href=\"http://benzin70.ru/\" rel=\"nofollow\" target=\"_blank\">benzin70.ru</a></noindex></p>\r\n', 'notmain', 'benzin'), ('27', 'I Z U M O F F (корпоративный сайт)', 'I Z U M O F F (корпоративный сайт)', '2014-02-12 09:10:59', 'portfolio/izumoff.jpg', '<p>Корпоративный сайт разработан для студии дизайна интерьеров \"I Z U M O F F\" г. Томск&nbsp;</p>\r\n\r\n<p>Система&nbsp;управления CMS: JOOMLA</p>\r\n\r\n<p>Используемые технологии: Html, Css, Php</p>\r\n\r\n<p><noindex><a href=\"http://izumoff.com/\" rel=\"nofollow\" target=\"_blank\">izumoff.com</a></noindex></p>\r\n', 'notmain', 'izumoff'), ('28', 'Позитив (корпоративный сайт)', 'Позитив (корпоративный сайт)', '2014-02-12 14:26:23', 'portfolio/pozitiv-stroy.jpg', '<p>Корпоративный сайт разработан для строительной компании &nbsp;&quot;Позитив&quot; &nbsp;г. Томск&nbsp;</p>\r\n\r\n<p>Система&nbsp;управления CMS: JOOMLA</p>\r\n\r\n<p>Используемые технологии: Html, Css, Php</p>\r\n\r\n<p><noindex><a href=\"http://pozitiv-stroy.ru/\" rel=\"nofollow\" target=\"_blank\">pozitiv-stroy.ru</a></noindex></p>\r\n', 'notmain', 'pozitiv-stroy'), ('29', 'Корпоративный сайт', 'Корпоративный сайт', '2014-02-12 14:44:47', 'portfolio/avtorremonta.jpg', '<p>Корпоративный сайт разработан для строительной компании &nbsp;г. Томск&nbsp;</p>\r\n\r\n<p>Система&nbsp;управления CMS: JOOMLA</p>\r\n\r\n<p>Используемые технологии: Html, Css, Php</p>\r\n\r\n<p><noindex><a href=\"http://avtorremonta.ru/\" rel=\"nofollow\" target=\"_blank\">avtorremonta.ru</a></noindex></p>\r\n', 'notmain', 'avtorremonta'), ('30', '\"Комфорт\" (корпоративный сайт)', '\"Комфорт\" (корпоративный сайт)', '2014-02-12 15:20:57', 'portfolio/ak-1.jpg', '<p>Корпоративный сайт разработан для агенства недвижимости &quot;Комфорт&quot; на сайте реализован фильтр для удобного поиска квартиры г. Томск&nbsp;</p>\r\n\r\n<p>Система&nbsp;управления CMS: DRUPAL</p>\r\n\r\n<p>Используемые технологии: Html, Css, Php, адаптивная верстка</p>\r\n\r\n<p><noindex><a href=\"http://ak-1.ru/\" rel=\"nofollow\" target=\"_blank\">ak-1.ru</a></noindex></p>\r\n', 'notmain', 'ak-1'), ('31', 'HoromaMama (корпоративный сайт)', 'HoromaMama (корпоративный сайт)', '2014-02-12 15:50:37', 'portfolio/horomamama2.jpg', '<p>Корпоративный сайт &nbsp; г. Томск&nbsp;</p>\r\n\r\n<p>Система&nbsp;управления CMS: JOOMLA</p>\r\n\r\n<p>Используемые технологии: Html, Css, Php</p>\r\n\r\n<p><noindex><a href=\"http://horomamama.ru\" rel=\"nofollow\" target=\"_blank\">horomamama.ru</a></noindex></p>\r\n', 'notmain', 'horomamama'), ('32', 'Autoklassika (сайт визитка)', 'Autoklassika (сайт визитка)', '2014-02-12 16:08:54', 'portfolio/autoklassika.jpg', '<p>Сайт визитка визитка для автосервиса &nbsp;г. Томск&nbsp;</p>\r\n\r\n<p>Система&nbsp;управления CMS: JOOMLA</p>\r\n\r\n<p>Используемые технологии: Html, Css, Php</p>\r\n\r\n<p><noindex><a href=\"http://autoklassika.ru/\" rel=\"nofollow\" target=\"_blank\">autoklassika.ru</a></noindex></p>\r\n', 'notmain', 'autoklassika');
COMMIT;

-- ----------------------------
--  Table structure for `review_review`
-- ----------------------------
DROP TABLE IF EXISTS `review_review`;
CREATE TABLE `review_review` (
  `id` int(11) NOT NULL AUTO_INCREMENT,
  `name` varchar(155) NOT NULL,
  `date` datetime NOT NULL,
  `text` longtext NOT NULL,
  `main_choice` varchar(7) NOT NULL,
  `image` varchar(100) DEFAULT NULL,
  `company` varchar(155) DEFAULT NULL,
  PRIMARY KEY (`id`)
) ENGINE=InnoDB AUTO_INCREMENT=7 DEFAULT CHARSET=utf8 ROW_FORMAT=COMPACT;

-- ----------------------------
--  Records of `review_review`
-- ----------------------------
BEGIN;
INSERT INTO `review_review` VALUES ('3', 'Петр Александрович', '2014-10-19 17:14:34', '<p>Хорошая и позитивная команда студии FORWARD. На протяжении долгого периода работы ребята оказывают &nbsp;качественные услуги, предлагая креативные идеи для развития моего бизнеса. Сотрудничество с FORWARD не стало в убыток. Воплощенные идеи &nbsp;постоянно приносят прибл&nbsp;</p>\r\n', 'notmain', 'reviews/julia_sinitskaya_300x300.jpg', 'юрист'), ('4', 'Михаил Валерьевич', '2014-10-19 17:15:25', '<p>Хорошая и позитивная команда студии FORWARD. На протяжении долгого периода работы ребята оказывают &nbsp;качественные услуги, предлагая креативные идеи для развития моего бизнеса. Сотрудничество с FORWARD не стало в убыток. Воплощенные идеи &nbsp;постоянно приносят прибл&nbsp;</p>\r\n', 'notmain', 'reviews/maksimov.jpg', 'туроператор'), ('5', 'Валерия Александровна', '2014-10-19 17:16:01', '<p>Хорошая и позитивная команда студии FORWARD. На протяжении долгого периода работы ребята оказывают &nbsp;качественные услуги, предлагая креативные идеи для развития моего бизнеса. Сотрудничество с FORWARD не стало в убыток. Воплощенные идеи &nbsp;постоянно приносят прибл&nbsp;</p>\r\n', 'notmain', 'reviews/gorodova.jpg', 'директор'), ('6', 'Митрофан Артемович', '2014-10-19 17:16:24', '<p>Хорошая и позитивная команда студии FORWARD. На протяжении долгого периода работы ребята оказывают &nbsp;качественные услуги, предлагая креативные идеи для развития моего бизнеса. Сотрудничество с FORWARD не стало в убыток. Воплощенные идеи &nbsp;постоянно приносят прибл&nbsp;</p>\r\n', 'notmain', 'reviews/kirill_erokhin_300x300.jpg', 'менеджер');
COMMIT;

-- ----------------------------
--  Table structure for `slider_slider`
-- ----------------------------
DROP TABLE IF EXISTS `slider_slider`;
CREATE TABLE `slider_slider` (
  `id` int(11) NOT NULL AUTO_INCREMENT,
  `image` varchar(100) NOT NULL,
  `name` varchar(150) DEFAULT NULL,
  `text` longtext,
  `link` varchar(60) DEFAULT NULL,
  PRIMARY KEY (`id`)
) ENGINE=InnoDB DEFAULT CHARSET=utf8 ROW_FORMAT=COMPACT;

-- ----------------------------
--  Table structure for `south_migrationhistory`
-- ----------------------------
DROP TABLE IF EXISTS `south_migrationhistory`;
CREATE TABLE `south_migrationhistory` (
  `id` int(11) NOT NULL AUTO_INCREMENT,
  `app_name` varchar(255) NOT NULL,
  `migration` varchar(255) NOT NULL,
  `applied` datetime NOT NULL,
  PRIMARY KEY (`id`)
) ENGINE=InnoDB AUTO_INCREMENT=15 DEFAULT CHARSET=utf8 ROW_FORMAT=COMPACT;

-- ----------------------------
--  Records of `south_migrationhistory`
-- ----------------------------
BEGIN;
INSERT INTO `south_migrationhistory` VALUES ('1', 'blog', '0001_initial', '2013-12-07 18:40:04'), ('2', 'blog', '0002_auto__add_field_post_main_post_choice', '2013-12-07 18:40:17'), ('3', 'blog', '0003_auto__del_field_post_main_post_choice__add_field_post_post_in_main', '2013-12-07 18:44:37'), ('4', 'blog', '0004_auto__add_field_post_post_in_blue', '2013-12-07 18:47:22'), ('5', 'blog', '0005_auto__del_field_post_post_in_main__del_field_post_post_in_blue__add_fi', '2013-12-07 18:49:27'), ('6', 'blog', '0006_auto__del_field_post_blue_choice', '2013-12-07 18:52:05'), ('7', 'blog', '0007_auto__add_field_post_blue_choice', '2013-12-07 18:52:28'), ('8', 'blog', '0008_auto__add_field_post_image_blue', '2013-12-07 19:06:13'), ('9', 'flatblocks', '0001_initial', '2013-12-22 05:37:47'), ('10', 'review', '0001_initial', '2013-12-22 05:49:44'), ('11', 'review', '0002_auto__add_field_review_company', '2013-12-22 05:49:44'), ('12', 'portfolio', '0001_initial', '2013-12-28 08:37:16'), ('13', 'portfolio', '0002_auto__add_imagefolio', '2014-02-05 04:55:34'), ('14', 'portfolio', '0003_auto__del_field_portfolio_link__add_field_portfolio_slug', '2014-02-05 04:55:35');
COMMIT;

-- ----------------------------
--  Table structure for `thumbnail_kvstore`
-- ----------------------------
DROP TABLE IF EXISTS `thumbnail_kvstore`;
CREATE TABLE `thumbnail_kvstore` (
  `key` varchar(200) NOT NULL,
  `value` longtext NOT NULL,
  PRIMARY KEY (`key`)
) ENGINE=InnoDB DEFAULT CHARSET=utf8 ROW_FORMAT=COMPACT;

-- ----------------------------
--  Records of `thumbnail_kvstore`
-- ----------------------------
BEGIN;
INSERT INTO `thumbnail_kvstore` VALUES ('sorl-thumbnail||image||263539c8a026e142d41165c3371c8892', '{\"storage\": \"django.core.files.storage.FileSystemStorage\", \"name\": \"cache/6e/e3/6ee328697dbd68293b740e7b234e9dc4.jpg\", \"size\": [250, 150]}'), ('sorl-thumbnail||image||28ce7556a1de16c3fd8023c08522f318', '{\"storage\": \"django.core.files.storage.FileSystemStorage\", \"name\": \"cache/54/a8/54a85504bbaf914063b966fcdabeccbd.jpg\", \"size\": [32, 32]}'), ('sorl-thumbnail||image||2ae5952bbd78eadf2f55b79f238f6147', '{\"storage\": \"django.core.files.storage.FileSystemStorage\", \"name\": \"cache/af/4f/af4f2c938e2b9015a6084ba74680af4d.jpg\", \"size\": [250, 150]}'), ('sorl-thumbnail||image||2bbe78af3222e02de4ec1b1601938b3c', '{\"storage\": \"django.core.files.storage.FileSystemStorage\", \"name\": \"cache/40/ef/40ef9b69517aec4e94a41a26a79b7c68.jpg\", \"size\": [32, 32]}'), ('sorl-thumbnail||image||32d030e8e87ead53c99de68e2a4c1bc5', '{\"storage\": \"django.core.files.storage.FileSystemStorage\", \"name\": \"cache/44/1e/441e8506008c33859e8e966497c48e29.jpg\", \"size\": [32, 32]}'), ('sorl-thumbnail||image||3c8fe6c373efff7a7f17f8e9ae5a43ab', '{\"storage\": \"django.core.files.storage.FileSystemStorage\", \"name\": \"cache/ca/44/ca445244a585b3e1fa066c6309d0ec81.jpg\", \"size\": [130, 170]}'), ('sorl-thumbnail||image||3f14303a0b60ccb8fbea504186714301', '{\"storage\": \"django.core.files.storage.FileSystemStorage\", \"name\": \"icons/logomain.png\", \"size\": [350, 470]}'), ('sorl-thumbnail||image||4108f84396b10c7d41576dc0a2fb981b', '{\"storage\": \"django.core.files.storage.FileSystemStorage\", \"name\": \"gram/moleskine_1_mini.jpg\", \"size\": [540, 382]}'), ('sorl-thumbnail||image||45a488aef00ca8879b68d2334fc76668', '{\"storage\": \"django.core.files.storage.FileSystemStorage\", \"name\": \"cache/02/06/02062b5d58e61cf3011794cdbcb82dc3.jpg\", \"size\": [130, 170]}'), ('sorl-thumbnail||image||529d34a8279c20707187b01d34c84fe1', '{\"storage\": \"django.core.files.storage.FileSystemStorage\", \"name\": \"icons/14645071-n--n---n----nzn-n-n--n--n----n-n---n----vintage---n-n-n.jpg\", \"size\": [450, 450]}'), ('sorl-thumbnail||image||5ec8551ba81efd30b6ca040a02843dc7', '{\"storage\": \"django.core.files.storage.FileSystemStorage\", \"name\": \"icons/Django.png\", \"size\": [375, 377]}'), ('sorl-thumbnail||image||68a3a3a8e164e84c66a2ec690098f1eb', '{\"storage\": \"django.core.files.storage.FileSystemStorage\", \"name\": \"blog/436934-1920x1200.jpg\", \"size\": [1920, 1200]}'), ('sorl-thumbnail||image||6b5e51c16c6fe136a9549dfcaf4d432f', '{\"storage\": \"django.core.files.storage.FileSystemStorage\", \"name\": \"cache/c3/f0/c3f063c4fab029ede3d51862e884fc90.jpg\", \"size\": [32, 32]}'), ('sorl-thumbnail||image||73f54e3bd2a6e2a47ee69e8eb3ca4bf7', '{\"storage\": \"django.core.files.storage.FileSystemStorage\", \"name\": \"cache/1f/18/1f185a5a9393b9fa7ec890b7a1172a04.jpg\", \"size\": [250, 150]}'), ('sorl-thumbnail||image||7566db87715156bb40e11d71d08414aa', '{\"storage\": \"django.core.files.storage.FileSystemStorage\", \"name\": \"gram/moleskine2_1_mini.jpg\", \"size\": [540, 382]}'), ('sorl-thumbnail||image||86b7955bf0a5e6e36c2f9d4b0ddc14a9', '{\"storage\": \"django.core.files.storage.FileSystemStorage\", \"name\": \"blog/489526-1920x1080.jpg\", \"size\": [1920, 1080]}'), ('sorl-thumbnail||image||8f6fb4fe1b6e5dbed7cfd1ec72a9b170', '{\"storage\": \"django.core.files.storage.FileSystemStorage\", \"name\": \"blog/sergei2.jpg\", \"size\": [298, 320]}'), ('sorl-thumbnail||image||98f8df32b326cd01910e1f1d321ed186', '{\"storage\": \"django.core.files.storage.FileSystemStorage\", \"name\": \"cache/be/01/be010647d6bc4231e7b728a1ac7e36d7.jpg\", \"size\": [32, 32]}'), ('sorl-thumbnail||image||9e1277cb3da66c56db52ff250a386d49', '{\"storage\": \"django.core.files.storage.FileSystemStorage\", \"name\": \"gram/handofhelp_1_mini.jpg\", \"size\": [600, 849]}'), ('sorl-thumbnail||image||a4f8ff8f5e30db59f5be4e2c6f05c253', '{\"storage\": \"django.core.files.storage.FileSystemStorage\", \"name\": \"cache/6f/48/6f48721fab1ed8c597db03d3719bdea1.jpg\", \"size\": [130, 170]}'), ('sorl-thumbnail||image||b0bc18ad22c2a63fe548da1194e674aa', '{\"storage\": \"django.core.files.storage.FileSystemStorage\", \"name\": \"cache/8c/81/8c812863e6700f181a7cfa54f0744c71.jpg\", \"size\": [32, 32]}'), ('sorl-thumbnail||image||b4a74f3d6ab2a0e5a1a764a88c4754ee', '{\"storage\": \"django.core.files.storage.FileSystemStorage\", \"name\": \"icons/alarm.png\", \"size\": [32, 32]}'), ('sorl-thumbnail||image||b4c5d1462fe633829eaf771a3d8633b1', '{\"storage\": \"django.core.files.storage.FileSystemStorage\", \"name\": \"icons/depositphotos_4457855-Christmas-card-with-angel.-Vector-illustration.jpg\", \"size\": [1024, 1024]}'), ('sorl-thumbnail||image||d9c96e63ef365cedf80295fdfcb787ce', '{\"storage\": \"django.core.files.storage.FileSystemStorage\", \"name\": \"cache/36/ce/36ce6fa950fd305e4c606aa9ab2b304c.jpg\", \"size\": [32, 32]}'), ('sorl-thumbnail||image||e10ae78c941b5d4494da460d7cae0d28', '{\"storage\": \"django.core.files.storage.FileSystemStorage\", \"name\": \"cache/01/c2/01c2a097b80048b649101768dfd9e8b5.jpg\", \"size\": [250, 150]}'), ('sorl-thumbnail||image||e3419bd1ac2cfc4afcaf94ec8902ed11', '{\"storage\": \"django.core.files.storage.FileSystemStorage\", \"name\": \"icons/piramida.png\", \"size\": [150, 148]}'), ('sorl-thumbnail||image||ee5c87fb9b94b1090463a29f62b803b3', '{\"storage\": \"django.core.files.storage.FileSystemStorage\", \"name\": \"gram/mather_1_mini.jpg\", \"size\": [600, 849]}'), ('sorl-thumbnail||image||ef65f5e032d34647c6e5f30f6979cebb', '{\"storage\": \"django.core.files.storage.FileSystemStorage\", \"name\": \"blog/409662-3360x2100.jpg\", \"size\": [3360, 2100]}'), ('sorl-thumbnail||image||f85551b569053fe9001a0bac4e65068b', '{\"storage\": \"django.core.files.storage.FileSystemStorage\", \"name\": \"icons/stock-vector-vintage-christmas-card-with-tree-and-ornaments-xmas-card-110644931.jpg\", \"size\": [450, 470]}'), ('sorl-thumbnail||image||f9f846e637a6a1b4529c758e06e170e0', '{\"storage\": \"django.core.files.storage.FileSystemStorage\", \"name\": \"cache/2d/14/2d147bf3a96e7f91e0c64b0db413a143.jpg\", \"size\": [130, 170]}'), ('sorl-thumbnail||thumbnails||3f14303a0b60ccb8fbea504186714301', '[\"6b5e51c16c6fe136a9549dfcaf4d432f\"]'), ('sorl-thumbnail||thumbnails||4108f84396b10c7d41576dc0a2fb981b', '[\"3c8fe6c373efff7a7f17f8e9ae5a43ab\"]'), ('sorl-thumbnail||thumbnails||529d34a8279c20707187b01d34c84fe1', '[\"b0bc18ad22c2a63fe548da1194e674aa\"]'), ('sorl-thumbnail||thumbnails||5ec8551ba81efd30b6ca040a02843dc7', '[\"d9c96e63ef365cedf80295fdfcb787ce\"]'), ('sorl-thumbnail||thumbnails||68a3a3a8e164e84c66a2ec690098f1eb', '[\"e10ae78c941b5d4494da460d7cae0d28\"]'), ('sorl-thumbnail||thumbnails||7566db87715156bb40e11d71d08414aa', '[\"f9f846e637a6a1b4529c758e06e170e0\"]'), ('sorl-thumbnail||thumbnails||86b7955bf0a5e6e36c2f9d4b0ddc14a9', '[\"73f54e3bd2a6e2a47ee69e8eb3ca4bf7\"]'), ('sorl-thumbnail||thumbnails||8f6fb4fe1b6e5dbed7cfd1ec72a9b170', '[\"263539c8a026e142d41165c3371c8892\"]'), ('sorl-thumbnail||thumbnails||9e1277cb3da66c56db52ff250a386d49', '[\"a4f8ff8f5e30db59f5be4e2c6f05c253\"]'), ('sorl-thumbnail||thumbnails||b4a74f3d6ab2a0e5a1a764a88c4754ee', '[\"98f8df32b326cd01910e1f1d321ed186\"]'), ('sorl-thumbnail||thumbnails||b4c5d1462fe633829eaf771a3d8633b1', '[\"32d030e8e87ead53c99de68e2a4c1bc5\"]'), ('sorl-thumbnail||thumbnails||e3419bd1ac2cfc4afcaf94ec8902ed11', '[\"2bbe78af3222e02de4ec1b1601938b3c\"]'), ('sorl-thumbnail||thumbnails||ee5c87fb9b94b1090463a29f62b803b3', '[\"45a488aef00ca8879b68d2334fc76668\"]'), ('sorl-thumbnail||thumbnails||ef65f5e032d34647c6e5f30f6979cebb', '[\"2ae5952bbd78eadf2f55b79f238f6147\"]'), ('sorl-thumbnail||thumbnails||f85551b569053fe9001a0bac4e65068b', '[\"28ce7556a1de16c3fd8023c08522f318\"]');
COMMIT;

SET FOREIGN_KEY_CHECKS = 1;
